-- MySQL Script generated by MySQL Workbench
-- Fri Apr  6 12:08:45 2018
-- Model: New Model    Version: 1.0
-- MySQL Workbench Forward Engineering

SET @OLD_UNIQUE_CHECKS=@@UNIQUE_CHECKS, UNIQUE_CHECKS=0;
SET @OLD_FOREIGN_KEY_CHECKS=@@FOREIGN_KEY_CHECKS, FOREIGN_KEY_CHECKS=0;
SET @OLD_SQL_MODE=@@SQL_MODE, SQL_MODE='TRADITIONAL,ALLOW_INVALID_DATES';

-- -----------------------------------------------------
-- Schema carpooldb
-- -----------------------------------------------------
DROP SCHEMA IF EXISTS `carpooldb` ;

-- -----------------------------------------------------
-- Schema carpooldb
-- -----------------------------------------------------
CREATE SCHEMA IF NOT EXISTS `carpooldb` DEFAULT CHARACTER SET utf8 ;
USE `carpooldb` ;

-- -----------------------------------------------------
-- Table `carpooldb`.`language`
-- -----------------------------------------------------
CREATE TABLE IF NOT EXISTS `carpooldb`.`language` (
  `id` INT NOT NULL AUTO_INCREMENT,
  `lang` VARCHAR(45) NOT NULL,
  PRIMARY KEY (`id`))
ENGINE = InnoDB;


-- -----------------------------------------------------
-- Table `carpooldb`.`city`
-- -----------------------------------------------------
CREATE TABLE IF NOT EXISTS `carpooldb`.`city` (
  `id` INT NOT NULL AUTO_INCREMENT,
  `city` VARCHAR(45) NULL,
  `lat` DECIMAL(10,8) NULL,
  `lon` DECIMAL(11,8) NULL,
  PRIMARY KEY (`id`))
ENGINE = InnoDB;


-- -----------------------------------------------------
-- Table `carpooldb`.`color`
-- -----------------------------------------------------
CREATE TABLE IF NOT EXISTS `carpooldb`.`color` (
  `id` INT NOT NULL AUTO_INCREMENT,
  `color` VARCHAR(45) NULL,
  PRIMARY KEY (`id`))
ENGINE = InnoDB;


-- -----------------------------------------------------
-- Table `carpooldb`.`vehicle_make`
-- -----------------------------------------------------
CREATE TABLE IF NOT EXISTS `carpooldb`.`vehicle_make` (
  `id` INT NOT NULL AUTO_INCREMENT,
  `make` VARCHAR(45) NULL,
  PRIMARY KEY (`id`))
ENGINE = InnoDB;


-- -----------------------------------------------------
-- Table `carpooldb`.`vehicle_model`
-- -----------------------------------------------------
CREATE TABLE IF NOT EXISTS `carpooldb`.`vehicle_model` (
  `id` INT NOT NULL AUTO_INCREMENT,
  `make_id` INT NOT NULL,
  `model` VARCHAR(45) NULL,
  `description` VARCHAR(45) NULL,
  `mpg` INT NULL,
  PRIMARY KEY (`id`),
  INDEX `fk_vehicle_model_make_id_idx` (`make_id` ASC),
  CONSTRAINT `fk_vehicle_model_make_id`
    FOREIGN KEY (`make_id`)
    REFERENCES `carpooldb`.`vehicle_make` (`id`)
    ON DELETE NO ACTION
    ON UPDATE NO ACTION)
ENGINE = InnoDB;


-- -----------------------------------------------------
-- Table `carpooldb`.`carpool_user`
-- -----------------------------------------------------
CREATE TABLE IF NOT EXISTS `carpooldb`.`carpool_user` (
  `id` INT NOT NULL AUTO_INCREMENT,
  `name` VARCHAR(45) NULL,
  `email` VARCHAR(45) NULL,
  `password` VARCHAR(45) NULL,
  `phone` CHAR(10) NULL,
  PRIMARY KEY (`id`))
ENGINE = InnoDB;


-- -----------------------------------------------------
-- Table `carpooldb`.`gender`
-- -----------------------------------------------------
CREATE TABLE IF NOT EXISTS `carpooldb`.`gender` (
  `id` INT NOT NULL AUTO_INCREMENT,
  `gender` VARCHAR(45) NULL,
  PRIMARY KEY (`id`))
ENGINE = InnoDB;


-- -----------------------------------------------------
-- Table `carpooldb`.`driver`
-- -----------------------------------------------------
CREATE TABLE IF NOT EXISTS `carpooldb`.`driver` (
  `id` INT NOT NULL AUTO_INCREMENT,
  `user_id` INT NULL,
  `driver_license` CHAR(8) NULL,
  `firstname` VARCHAR(45) NULL,
  `lastname` VARCHAR(45) NULL,
  `address` VARCHAR(100) NULL,
  `city_id` INT NULL,
  `zipcode` CHAR(5) NULL,
  `photo` VARCHAR(45) NULL,
  `date_of_birth` DATE NULL,
  `review` DECIMAL(10,2) NULL DEFAULT 5.00,
  `gender_id` INT NULL,
  PRIMARY KEY (`id`),
  INDEX `fk_drivercity_id_idx` (`city_id` ASC),
  INDEX `fk_userdriver_id_idx` (`user_id` ASC),
  INDEX `fk_drivergender_id_idx` (`gender_id` ASC),
  CONSTRAINT `fk_drivercity_id`
    FOREIGN KEY (`city_id`)
    REFERENCES `carpooldb`.`city` (`id`)
    ON DELETE NO ACTION
    ON UPDATE NO ACTION,
  CONSTRAINT `fk_userdriver_id`
    FOREIGN KEY (`user_id`)
    REFERENCES `carpooldb`.`carpool_user` (`id`)
    ON DELETE NO ACTION
    ON UPDATE NO ACTION,
  CONSTRAINT `fk_drivergender_id`
    FOREIGN KEY (`gender_id`)
    REFERENCES `carpooldb`.`gender` (`id`)
    ON DELETE NO ACTION
    ON UPDATE NO ACTION)
ENGINE = InnoDB;


-- -----------------------------------------------------
-- Table `carpooldb`.`vehicle`
-- -----------------------------------------------------
CREATE TABLE IF NOT EXISTS `carpooldb`.`vehicle` (
  `id` INT NOT NULL AUTO_INCREMENT,
  `driver_id` INT NULL,
  `VIN` CHAR(17) NULL,
  `license_plate` CHAR(8) NULL,
  `model_id` INT NULL,
  `color_id` INT NULL,
  `year` CHAR(4) NULL,
  `photo` VARCHAR(45) NULL,
  `max_seats` INT NULL,
  `babysit` INT(1) NULL,
  PRIMARY KEY (`id`),
  INDEX `fk_vehicle_model_idx` (`model_id` ASC),
  INDEX `fk_vehicle_color_idx` (`color_id` ASC),
  INDEX `fk_vehicle_driver_idx` (`driver_id` ASC),
  CONSTRAINT `fk_vehicle_model`
    FOREIGN KEY (`model_id`)
    REFERENCES `carpooldb`.`vehicle_model` (`id`)
    ON DELETE NO ACTION
    ON UPDATE NO ACTION,
  CONSTRAINT `fk_vehicle_color`
    FOREIGN KEY (`color_id`)
    REFERENCES `carpooldb`.`color` (`id`)
    ON DELETE NO ACTION
    ON UPDATE NO ACTION,
  CONSTRAINT `fk_vehicle_driver`
    FOREIGN KEY (`driver_id`)
    REFERENCES `carpooldb`.`driver` (`id`)
    ON DELETE NO ACTION
    ON UPDATE NO ACTION)
ENGINE = InnoDB;


-- -----------------------------------------------------
-- Table `carpooldb`.`rider`
-- -----------------------------------------------------
CREATE TABLE IF NOT EXISTS `carpooldb`.`rider` (
  `id` INT NOT NULL AUTO_INCREMENT,
  `user_id` INT NULL,
  `firstname` VARCHAR(45) NULL,
  `lastname` VARCHAR(45) NULL,
  `address` VARCHAR(100) NULL,
  `city_id` INT NULL,
  `zipcode` CHAR(5) NULL,
  `photo` VARCHAR(45) NULL,
  `date_of_birth` DATE NULL,
  `gender_id` INT NULL,
  PRIMARY KEY (`id`),
  INDEX `fk_driver_city_idx` (`city_id` ASC),
  INDEX `fk_userrider_id_idx` (`user_id` ASC),
  INDEX `fk_rider_gender_id_idx` (`gender_id` ASC),
  CONSTRAINT `fk_rider_city_id`
    FOREIGN KEY (`city_id`)
    REFERENCES `carpooldb`.`city` (`id`)
    ON DELETE NO ACTION
    ON UPDATE NO ACTION,
  CONSTRAINT `fk_userrider_id`
    FOREIGN KEY (`user_id`)
    REFERENCES `carpooldb`.`carpool_user` (`id`)
    ON DELETE NO ACTION
    ON UPDATE NO ACTION,
  CONSTRAINT `fk_rider_gender_id`
    FOREIGN KEY (`gender_id`)
    REFERENCES `carpooldb`.`gender` (`id`)
    ON DELETE NO ACTION
    ON UPDATE NO ACTION)
ENGINE = InnoDB;


-- -----------------------------------------------------
-- Table `carpooldb`.`trip`
-- -----------------------------------------------------
CREATE TABLE IF NOT EXISTS `carpooldb`.`trip` (
  `id` INT NOT NULL AUTO_INCREMENT,
  `driver_id` INT NOT NULL,
  `rider_id` INT NULL,
  `tfrom` VARCHAR(100) NULL,
  `tto` VARCHAR(100) NULL,
  `ttime1` TIME(0) NULL,
  `ttime2` TIME(0) NULL,
  `tdate` DATE NULL,
  `tmile` DECIMAL(10,2) NULL,
  `tduration` DECIMAL(10,2) NULL,
  `tcost` DECIMAL(10,2) NULL,
  PRIMARY KEY (`id`),
  INDEX `fk_trip_driver_id_idx` (`driver_id` ASC),
  INDEX `fk_trip_rider_id_idx` (`rider_id` ASC),
  CONSTRAINT `fk_trip_driver_id`
    FOREIGN KEY (`driver_id`)
    REFERENCES `carpooldb`.`driver` (`id`)
    ON DELETE NO ACTION
    ON UPDATE NO ACTION,
  CONSTRAINT `fk_trip_rider_id`
    FOREIGN KEY (`rider_id`)
    REFERENCES `carpooldb`.`rider` (`id`)
    ON DELETE RESTRICT
    ON UPDATE RESTRICT)
ENGINE = InnoDB;


-- -----------------------------------------------------
-- Table `carpooldb`.`driver_language`
-- -----------------------------------------------------
CREATE TABLE IF NOT EXISTS `carpooldb`.`driver_language` (
  `id` INT NOT NULL AUTO_INCREMENT,
  `driver_id` INT NULL,
  `language_id` INT NULL,
  PRIMARY KEY (`id`),
  INDEX `fk_driverlan_id_idx` (`driver_id` ASC),
  INDEX `fk_driverlan_lang_id_idx` (`language_id` ASC),
  CONSTRAINT `fk_driverlan_id`
    FOREIGN KEY (`driver_id`)
    REFERENCES `carpooldb`.`driver` (`id`)
    ON DELETE NO ACTION
    ON UPDATE NO ACTION,
  CONSTRAINT `fk_driverlan_lang_id`
    FOREIGN KEY (`language_id`)
    REFERENCES `carpooldb`.`language` (`id`)
    ON DELETE RESTRICT
    ON UPDATE RESTRICT)
ENGINE = InnoDB;


-- -----------------------------------------------------
-- Table `carpooldb`.`user_bank`
-- -----------------------------------------------------
CREATE TABLE IF NOT EXISTS `carpooldb`.`user_bank` (
  `id` INT NOT NULL AUTO_INCREMENT,
  `user_id` INT NULL,
  `card_number` CHAR(16) NULL,
  `name` VARCHAR(45) NULL,
  `expiration` CHAR(4) NULL,
  `cvc` CHAR(3) NULL,
  PRIMARY KEY (`id`),
  INDEX `fk_userbank_id_idx` (`user_id` ASC),
  CONSTRAINT `fk_userbank_id`
    FOREIGN KEY (`user_id`)
    REFERENCES `carpooldb`.`carpool_user` (`id`)
    ON DELETE NO ACTION
    ON UPDATE NO ACTION)
ENGINE = InnoDB;


-- -----------------------------------------------------
-- Table `carpooldb`.`trip_offer`
-- -----------------------------------------------------
CREATE TABLE IF NOT EXISTS `carpooldb`.`trip_offer` (
  `id` INT NOT NULL AUTO_INCREMENT,
  `driver_id` INT NOT NULL,
  `tfrom` VARCHAR(100) NULL,
  `tto` VARCHAR(100) NULL,
  `ttime1` TIME NULL,
  `ttime2` TIME NULL,
  `tdate` DATE NULL,
  `tmile` DECIMAL(10,2) NULL,
  `tduration` DECIMAL(10,2) NULL,
  `tcost` DECIMAL(10,2) NULL,
  PRIMARY KEY (`id`),
  INDEX `dk_trip_offer_driver_id_idx` (`driver_id` ASC),
  CONSTRAINT `dk_trip_offer_driver_id`
    FOREIGN KEY (`driver_id`)
    REFERENCES `carpooldb`.`driver` (`id`)
    ON DELETE NO ACTION
    ON UPDATE NO ACTION)
ENGINE = InnoDB;


-- -----------------------------------------------------
-- Table `carpooldb`.`trip_request`
-- -----------------------------------------------------
CREATE TABLE IF NOT EXISTS `carpooldb`.`trip_request` (
  `id` INT NOT NULL AUTO_INCREMENT,
  `trip_offer_id` INT NULL,
  `rider_id` INT NULL,
  `tfrom` TEXT NULL,
  `tto` TEXT NULL,
  `ttime1` TIME NULL,
  `ttime2` TIME NULL,
  `tdate` DATE NULL,
  `tmile` DECIMAL(10,2) NULL,
  `tduration` DECIMAL(10,2) NULL,
  `status` INT NULL,
  PRIMARY KEY (`id`),
  INDEX `fk_trip_request_offer_id_idx` (`trip_offer_id` ASC),
  INDEX `fk_trip_request_rider_id_idx` (`rider_id` ASC),
  CONSTRAINT `fk_trip_request_offer_id`
    FOREIGN KEY (`trip_offer_id`)
    REFERENCES `carpooldb`.`trip_offer` (`id`)
    ON DELETE NO ACTION
    ON UPDATE NO ACTION,
  CONSTRAINT `fk_trip_request_rider_id`
    FOREIGN KEY (`rider_id`)
    REFERENCES `carpooldb`.`rider` (`id`)
    ON DELETE NO ACTION
    ON UPDATE NO ACTION)
ENGINE = InnoDB;


-- -----------------------------------------------------
-- Table `carpooldb`.`distance`
-- -----------------------------------------------------
CREATE TABLE IF NOT EXISTS `carpooldb`.`distance` (
  `id` INT NOT NULL AUTO_INCREMENT,
  `city_id` INT NULL,
  PRIMARY KEY (`id`))
ENGINE = InnoDB;


SET SQL_MODE=@OLD_SQL_MODE;
SET FOREIGN_KEY_CHECKS=@OLD_FOREIGN_KEY_CHECKS;
SET UNIQUE_CHECKS=@OLD_UNIQUE_CHECKS;

-- -----------------------------------------------------
-- Data for table `carpooldb`.`city`
-- -----------------------------------------------------
START TRANSACTION;
USE `carpooldb`;

INSERT INTO city(city, lat, lon) VALUES('Adelanto, CA, USA',34.582769,-117.409214);
INSERT INTO city(city, lat, lon) VALUES('Agoura Hills, CA, USA',34.153339,-118.761675);
INSERT INTO city(city, lat, lon) VALUES('Alameda, CA, USA',37.765206,-122.241636);
INSERT INTO city(city, lat, lon) VALUES('Albany, CA, USA',37.886869,-122.297747);
INSERT INTO city(city, lat, lon) VALUES('Alhambra, CA, USA',34.095286,-118.127014);
INSERT INTO city(city, lat, lon) VALUES('Aliso Viejo, CA, USA',33.575,-117.725556);
INSERT INTO city(city, lat, lon) VALUES('Alturas, CA, USA',41.487114,-120.542456);
INSERT INTO city(city, lat, lon) VALUES('Amador City, CA, USA',38.419356,-120.824103);
INSERT INTO city(city, lat, lon) VALUES('American Canyon, CA, USA',38.174917,-122.260803);
INSERT INTO city(city, lat, lon) VALUES('Anaheim, CA, USA',33.835292,-117.914503);
INSERT INTO city(city, lat, lon) VALUES('Anderson, CA, USA',40.448208,-122.297783);
INSERT INTO city(city, lat, lon) VALUES('Angels Camp, CA, USA',38.067783,-120.538531);
INSERT INTO city(city, lat, lon) VALUES('Antioch, CA, USA',38.004922,-121.805789);
INSERT INTO city(city, lat, lon) VALUES('Arcadia, CA, USA',34.139728,-118.035344);
INSERT INTO city(city, lat, lon) VALUES('Arcata, CA, USA',40.866517,-124.082839);
INSERT INTO city(city, lat, lon) VALUES('Arroyo Grande, CA, USA',35.118586,-120.590725);
INSERT INTO city(city, lat, lon) VALUES('Artesia, CA, USA',33.865847,-118.083122);
INSERT INTO city(city, lat, lon) VALUES('Arvin, CA, USA',35.2018,-118.833106);
INSERT INTO city(city, lat, lon) VALUES('Atascadero, CA, USA',35.489417,-120.670725);
INSERT INTO city(city, lat, lon) VALUES('Atwater, CA, USA',37.347717,-120.609083);
INSERT INTO city(city, lat, lon) VALUES('Auburn, CA, USA',38.896564,-121.076889);
INSERT INTO city(city, lat, lon) VALUES('Avalon, CA, USA',33.342819,-118.328228);
INSERT INTO city(city, lat, lon) VALUES('Avenal, CA, USA',36.004122,-120.129028);
INSERT INTO city(city, lat, lon) VALUES('Azusa, CA, USA',34.133619,-117.907564);
INSERT INTO city(city, lat, lon) VALUES('Bakersfield, CA, USA',35.373292,-119.018711);
INSERT INTO city(city, lat, lon) VALUES('Baldwin Park, CA, USA',34.085286,-117.960897);
INSERT INTO city(city, lat, lon) VALUES('Banning, CA, USA',33.925572,-116.876411);
INSERT INTO city(city, lat, lon) VALUES('Barstow, CA, USA',34.895797,-117.017283);
INSERT INTO city(city, lat, lon) VALUES('Beaumont, CA, USA',33.929461,-116.977247);
INSERT INTO city(city, lat, lon) VALUES('Bell, CA, USA',33.977514,-118.187017);
INSERT INTO city(city, lat, lon) VALUES('Bell Gardens, CA, USA',33.965292,-118.151458);
INSERT INTO city(city, lat, lon) VALUES('Bellflower, CA, USA',33.881683,-118.117011);
INSERT INTO city(city, lat, lon) VALUES('Belmont, CA, USA',37.520214,-122.2758);
INSERT INTO city(city, lat, lon) VALUES('Belvedere, CA, USA',37.872703,-122.464417);
INSERT INTO city(city, lat, lon) VALUES('Berkeley, CA, USA',37.871592,-122.272747);
INSERT INTO city(city, lat, lon) VALUES('Beverly Hills, CA, USA',34.073619,-118.400356);
INSERT INTO city(city, lat, lon) VALUES('Big Bear Lake, CA, USA',34.243897,-116.911422);
INSERT INTO city(city, lat, lon) VALUES('Biggs, CA, USA',39.412389,-121.71275);
INSERT INTO city(city, lat, lon) VALUES('Bishop, CA, USA',37.363539,-118.395111);
INSERT INTO city(city, lat, lon) VALUES('Blue Lake, CA, USA',40.882908,-123.98395);
INSERT INTO city(city, lat, lon) VALUES('Blythe, CA, USA',33.617233,-114.589175);
INSERT INTO city(city, lat, lon) VALUES('Bradbury, CA, USA',34.14695,-117.970897);
INSERT INTO city(city, lat, lon) VALUES('Brawley, CA, USA',32.978658,-115.530267);
INSERT INTO city(city, lat, lon) VALUES('Brea, CA, USA',33.916681,-117.900061);
INSERT INTO city(city, lat, lon) VALUES('Brentwood, CA, USA',34.057361,-118.480511);
INSERT INTO city(city, lat, lon) VALUES('Brisbane, CA, USA',37.680767,-122.399972);
INSERT INTO city(city, lat, lon) VALUES('Buellton, CA, USA',34.613597,-120.19265);
INSERT INTO city(city, lat, lon) VALUES('Buena Park, CA, USA',33.867514,-117.998117);
INSERT INTO city(city, lat, lon) VALUES('Burbank, CA, USA',34.180839,-118.308967);
INSERT INTO city(city, lat, lon) VALUES('Burlingame, CA, USA',37.584103,-122.366083);
INSERT INTO city(city, lat, lon) VALUES('Calabasas, CA, USA',34.138333,-118.660833);
INSERT INTO city(city, lat, lon) VALUES('Calexico, CA, USA',32.678947,-115.498883);
INSERT INTO city(city, lat, lon) VALUES('California City, CA, USA',35.1258,-117.985903);
INSERT INTO city(city, lat, lon) VALUES('Calimesa, CA, USA',34.003903,-117.061975);
INSERT INTO city(city, lat, lon) VALUES('Calipatria, CA, USA',33.125597,-115.514153);
INSERT INTO city(city, lat, lon) VALUES('Calistoga, CA, USA',38.578797,-122.579706);
INSERT INTO city(city, lat, lon) VALUES('Camarillo, CA, USA',34.216394,-119.037603);
INSERT INTO city(city, lat, lon) VALUES('Campbell, CA, USA',37.287164,-121.949958);
INSERT INTO city(city, lat, lon) VALUES('Canyon Lake, CA, USA',33.685022,-117.273092);
INSERT INTO city(city, lat, lon) VALUES('Capitola, CA, USA',36.975228,-121.953292);
INSERT INTO city(city, lat, lon) VALUES('Carlsbad, CA, USA',33.158092,-117.350594);
INSERT INTO city(city, lat, lon) VALUES('Carmel-by-the-Sea, CA, USA',36.555239,-121.923289);
INSERT INTO city(city, lat, lon) VALUES('Carpinteria, CA, USA',34.398883,-119.518456);
INSERT INTO city(city, lat, lon) VALUES('Carson, CA, USA',33.831406,-118.282017);
INSERT INTO city(city, lat, lon) VALUES('Cathedral City, CA, USA',33.779742,-116.465292);
INSERT INTO city(city, lat, lon) VALUES('Ceres, CA, USA',37.594933,-120.957711);
INSERT INTO city(city, lat, lon) VALUES('Cerritos, CA, USA',33.858347,-118.064786);
INSERT INTO city(city, lat, lon) VALUES('Chico, CA, USA',39.728494,-121.837478);
INSERT INTO city(city, lat, lon) VALUES('Chino, CA, USA',34.012236,-117.688944);
INSERT INTO city(city, lat, lon) VALUES('Chino Hills, CA, USA',33.989819,-117.732586);
INSERT INTO city(city, lat, lon) VALUES('Chowchilla, CA, USA',37.123,-120.260175);
INSERT INTO city(city, lat, lon) VALUES('Chula Vista, CA, USA',32.640053,-117.084197);
INSERT INTO city(city, lat, lon) VALUES('Citrus Heights, CA, USA',38.707125,-121.281061);
INSERT INTO city(city, lat, lon) VALUES('Claremont, CA, USA',34.096675,-117.719778);
INSERT INTO city(city, lat, lon) VALUES('Clayton, CA, USA',37.941033,-121.935792);
INSERT INTO city(city, lat, lon) VALUES('Clearlake, CA, USA',38.958231,-122.626372);
INSERT INTO city(city, lat, lon) VALUES('Cloverdale, CA, USA',38.805461,-123.017222);
INSERT INTO city(city, lat, lon) VALUES('Clovis, CA, USA',36.825228,-119.702919);
INSERT INTO city(city, lat, lon) VALUES('Coachella, CA, USA',33.6803,-116.173894);
INSERT INTO city(city, lat, lon) VALUES('Coalinga, CA, USA',36.139678,-120.36015);
INSERT INTO city(city, lat, lon) VALUES('Colfax, CA, USA',39.100731,-120.953275);
INSERT INTO city(city, lat, lon) VALUES('Colton, CA, USA',34.073903,-117.313656);
INSERT INTO city(city, lat, lon) VALUES('Colusa, CA, USA',39.214333,-122.009417);
INSERT INTO city(city, lat, lon) VALUES('Commerce, CA, USA',34.000569,-118.159792);
INSERT INTO city(city, lat, lon) VALUES('Compton, CA, USA',33.89585,-118.220072);
INSERT INTO city(city, lat, lon) VALUES('Concord, CA, USA',37.977978,-122.031072);
INSERT INTO city(city, lat, lon) VALUES('Corcoran, CA, USA',37.977978,-122.031072);
INSERT INTO city(city, lat, lon) VALUES('Corning, CA, USA',39.927658,-122.179156);
INSERT INTO city(city, lat, lon) VALUES('Corona, CA, USA',33.875294,-117.566439);
INSERT INTO city(city, lat, lon) VALUES('Coronado, CA, USA',32.685886,-117.183089);
INSERT INTO city(city, lat, lon) VALUES('Costa Mesa, CA, USA',33.641133,-117.918669);
INSERT INTO city(city, lat, lon) VALUES('Cotati, CA, USA',38.327778,-122.709167);
INSERT INTO city(city, lat, lon) VALUES('Covina, CA, USA',34.090008,-117.890339);
INSERT INTO city(city, lat, lon) VALUES('Crescent City, CA, USA',41.755947,-124.201747);
INSERT INTO city(city, lat, lon) VALUES('Cudahy, CA, USA',33.960569,-118.18535);
INSERT INTO city(city, lat, lon) VALUES('Culver City, CA, USA',34.021122,-118.396467);
INSERT INTO city(city, lat, lon) VALUES('Cupertino, CA, USA',37.322997,-122.032183);
INSERT INTO city(city, lat, lon) VALUES('Cypress, CA, USA',37.320531,-121.962242);
INSERT INTO city(city, lat, lon) VALUES('Daly City, CA, USA',37.687925,-122.470208);
INSERT INTO city(city, lat, lon) VALUES('Dana Point, CA, USA',33.466972,-117.698108);
INSERT INTO city(city, lat, lon) VALUES('Davis, CA, USA',38.544906,-121.740517);
INSERT INTO city(city, lat, lon) VALUES('Del Mar, CA, USA',32.959489,-117.265314);
INSERT INTO city(city, lat, lon) VALUES('Del Rey Oaks, CA, USA',36.593292,-121.834953);
INSERT INTO city(city, lat, lon) VALUES('Delano, CA, USA',35.768842,-119.247053);
INSERT INTO city(city, lat, lon) VALUES('Desert Hot Springs, CA, USA',33.961125,-116.501678);
INSERT INTO city(city, lat, lon) VALUES('Diamond Bar, CA, USA',34.028622,-117.810336);
INSERT INTO city(city, lat, lon) VALUES('Dinuba, CA, USA',36.543283,-119.387067);
INSERT INTO city(city, lat, lon) VALUES('Dixon, CA, USA',38.445464,-121.823297);
INSERT INTO city(city, lat, lon) VALUES('Dorris, CA, USA',41.967369,-121.918061);
INSERT INTO city(city, lat, lon) VALUES('Dos Palos, CA, USA',36.986058,-120.626572);
INSERT INTO city(city, lat, lon) VALUES('Downey, CA, USA',33.940014,-118.132569);
INSERT INTO city(city, lat, lon) VALUES('Duarte, CA, USA',34.13945,-117.977286);
INSERT INTO city(city, lat, lon) VALUES('Dublin, CA, USA',37.702153,-121.935792);
INSERT INTO city(city, lat, lon) VALUES('Dunsmuir, CA, USA',41.208208,-122.271953);
INSERT INTO city(city, lat, lon) VALUES('East Palo Alto, CA, USA',37.468828,-122.141075);
INSERT INTO city(city, lat, lon) VALUES('Eastvale, CA, USA',33.963056,-117.563889);
INSERT INTO city(city, lat, lon) VALUES('El Cajon, CA, USA',32.794772,-116.962528);
INSERT INTO city(city, lat, lon) VALUES('El Centro, CA, USA',32.792,-115.56305);
INSERT INTO city(city, lat, lon) VALUES('El Cerrito, CA, USA',37.916133,-122.310764);
INSERT INTO city(city, lat, lon) VALUES('El Monte, CA, USA',34.068622,-118.027567);
INSERT INTO city(city, lat, lon) VALUES('El Segundo, CA, USA',33.919181,-118.416464);
INSERT INTO city(city, lat, lon) VALUES('Elk Grove, CA, USA',38.4088,-121.371617);
INSERT INTO city(city, lat, lon) VALUES('Emeryville, CA, USA',37.831317,-122.285247);
INSERT INTO city(city, lat, lon) VALUES('Encinitas, CA, USA',33.036986,-117.291983);
INSERT INTO city(city, lat, lon) VALUES('Escalon, CA, USA',37.797428,-120.996603);
INSERT INTO city(city, lat, lon) VALUES('Escondido, CA, USA',33.119208,-117.086422);
INSERT INTO city(city, lat, lon) VALUES('Etna, CA, USA',41.456806,-122.894756);
INSERT INTO city(city, lat, lon) VALUES('Eureka, CA, USA',40.802072,-124.163672);
INSERT INTO city(city, lat, lon) VALUES('Exeter, CA, USA',36.296061,-119.142053);
INSERT INTO city(city, lat, lon) VALUES('Fairfield, CA, USA',38.249358,-122.039967);
INSERT INTO city(city, lat, lon) VALUES('Farmersville, CA, USA',36.297728,-119.206778);
INSERT INTO city(city, lat, lon) VALUES('Ferndale, CA, USA',40.576242,-124.263944);
INSERT INTO city(city, lat, lon) VALUES('Fillmore, CA, USA',34.399164,-118.918153);
INSERT INTO city(city, lat, lon) VALUES('Firebaugh, CA, USA',36.858839,-120.456008);
INSERT INTO city(city, lat, lon) VALUES('Folsom, CA, USA',38.677958,-121.176058);
INSERT INTO city(city, lat, lon) VALUES('Fontana, CA, USA',34.092233,-117.435047);
INSERT INTO city(city, lat, lon) VALUES('Fort Bragg, CA, USA',39.445722,-123.805292);
INSERT INTO city(city, lat, lon) VALUES('Fort Jones, CA, USA',41.663864,-124.252892);
INSERT INTO city(city, lat, lon) VALUES('Fortuna, CA, USA',40.598186,-124.157275);
INSERT INTO city(city, lat, lon) VALUES('Foster City, CA, USA',37.558547,-122.271078);
INSERT INTO city(city, lat, lon) VALUES('Fountain Valley, CA, USA',33.709186,-117.953669);
INSERT INTO city(city, lat, lon) VALUES('Fowler, CA, USA',36.630506,-119.678469);
INSERT INTO city(city, lat, lon) VALUES('Fremont, CA, USA',37.548269,-121.988572);
INSERT INTO city(city, lat, lon) VALUES('Fresno, CA, USA',36.746842,-119.772586);
INSERT INTO city(city, lat, lon) VALUES('Fullerton, CA, USA',33.870292,-117.925339);
INSERT INTO city(city, lat, lon) VALUES('Galt, CA, USA',38.254636,-121.299947);
INSERT INTO city(city, lat, lon) VALUES('Garden Grove, CA, USA',33.773906,-117.941447);
INSERT INTO city(city, lat, lon) VALUES('Gardena, CA, USA',33.88835,-118.308961);
INSERT INTO city(city, lat, lon) VALUES('Gilroy, CA, USA',37.005783,-121.568275);
INSERT INTO city(city, lat, lon) VALUES('Glendale, CA, USA',34.142508,-118.255075);
INSERT INTO city(city, lat, lon) VALUES('Glendora, CA, USA',34.136119,-117.865339);
INSERT INTO city(city, lat, lon) VALUES('Goleta, CA, USA',34.435828,-119.827639);
INSERT INTO city(city, lat, lon) VALUES('Gonzales, CA, USA',36.506628,-121.444381);
INSERT INTO city(city, lat, lon) VALUES('Grand Terrace, CA, USA',34.033903,-117.313653);
INSERT INTO city(city, lat, lon) VALUES('Grass Valley, CA, USA',39.219061,-121.061061);
INSERT INTO city(city, lat, lon) VALUES('Greenfield, CA, USA',36.3208,-121.243814);
INSERT INTO city(city, lat, lon) VALUES('Gridley, CA, USA',39.363778,-121.693583);
INSERT INTO city(city, lat, lon) VALUES('Grover Beach, CA, USA',35.121642,-120.621283);
INSERT INTO city(city, lat, lon) VALUES('Guadalupe, CA, USA',34.971644,-120.571836);
INSERT INTO city(city, lat, lon) VALUES('Gustine, CA, USA',37.257717,-120.998814);
INSERT INTO city(city, lat, lon) VALUES('Half Moon Bay, CA, USA',37.463553,-122.428586);
INSERT INTO city(city, lat, lon) VALUES('Hanford, CA, USA',36.32745,-119.645683);
INSERT INTO city(city, lat, lon) VALUES('Hawaiian Gardens, CA, USA',33.831403,-118.072842);
INSERT INTO city(city, lat, lon) VALUES('Hawthorne, CA, USA',33.916403,-118.352575);
INSERT INTO city(city, lat, lon) VALUES('Hayward, CA, USA',37.668819,-122.080797);
INSERT INTO city(city, lat, lon) VALUES('Healdsburg, CA, USA',38.610467,-122.869161);
INSERT INTO city(city, lat, lon) VALUES('Hemet, CA, USA',33.747519,-116.971967);
INSERT INTO city(city, lat, lon) VALUES('Hercules, CA, USA',38.017144,-122.288581);
INSERT INTO city(city, lat, lon) VALUES('Hermosa Beach, CA, USA',33.862236,-118.399519);
INSERT INTO city(city, lat, lon) VALUES('Hesperia, CA, USA',34.426389,-117.300878);
INSERT INTO city(city, lat, lon) VALUES('Hidden Hills, CA, USA',34.160283,-118.652311);
INSERT INTO city(city, lat, lon) VALUES('Highland, CA, USA',34.128344,-117.20865);
INSERT INTO city(city, lat, lon) VALUES('Hollister, CA, USA',36.852453,-121.401603);
INSERT INTO city(city, lat, lon) VALUES('Holtville, CA, USA',32.811161,-115.380264);
INSERT INTO city(city, lat, lon) VALUES('Hughson, CA, USA',37.602725,-120.866481);
INSERT INTO city(city, lat, lon) VALUES('Huntington Beach, CA, USA',33.660297,-117.999225);
INSERT INTO city(city, lat, lon) VALUES('Huntington Park, CA, USA',33.981681,-118.225072);
INSERT INTO city(city, lat, lon) VALUES('Huron, CA, USA',36.202731,-120.102917);
INSERT INTO city(city, lat, lon) VALUES('Imperial, CA, USA',32.847553,-115.569439);
INSERT INTO city(city, lat, lon) VALUES('Imperial Beach, CA, USA',32.583944,-117.113086);
INSERT INTO city(city, lat, lon) VALUES('Indian Wells, CA, USA',33.717631,-116.340756);
INSERT INTO city(city, lat, lon) VALUES('Indio, CA, USA',33.720578,-116.215561);
INSERT INTO city(city, lat, lon) VALUES('Industry, CA, USA',34.019733,-117.958675);
INSERT INTO city(city, lat, lon) VALUES('Inglewood, CA, USA',33.961681,-118.353131);
INSERT INTO city(city, lat, lon) VALUES('Ione, CA, USA',38.352692,-120.932717);
INSERT INTO city(city, lat, lon) VALUES('Irvine, CA, USA',33.683947,-117.794694);
INSERT INTO city(city, lat, lon) VALUES('Irwindale, CA, USA',34.106953,-117.935342);
INSERT INTO city(city, lat, lon) VALUES('Isleton, CA, USA',38.161861,-121.611622);
INSERT INTO city(city, lat, lon) VALUES('Jackson, CA, USA',38.348803,-120.774103);
INSERT INTO city(city, lat, lon) VALUES('Jurupa Valley, CA, USA',33.999522,-117.475397);
INSERT INTO city(city, lat, lon) VALUES('Kerman, CA, USA',36.723558,-120.059878);
INSERT INTO city(city, lat, lon) VALUES('King City, CA, USA',36.212744,-121.126028);
INSERT INTO city(city, lat, lon) VALUES('Kingsburg, CA, USA',36.513839,-119.554017);
INSERT INTO city(city, lat, lon) VALUES('La Cañada Flintridge, CA, USA',34.206817,-118.200028);
INSERT INTO city(city, lat, lon) VALUES('La Habra, CA, USA',33.931958,-117.946172);
INSERT INTO city(city, lat, lon) VALUES('La Habra Heights, CA, USA',33.960847,-117.950619);
INSERT INTO city(city, lat, lon) VALUES('La Mesa, CA, USA',32.767828,-117.023083);
INSERT INTO city(city, lat, lon) VALUES('La Mirada, CA, USA',33.917236,-118.012008);
INSERT INTO city(city, lat, lon) VALUES('La Palma, CA, USA',33.846403,-118.046731);
INSERT INTO city(city, lat, lon) VALUES('La Puente, CA, USA',34.020011,-117.949508);
INSERT INTO city(city, lat, lon) VALUES('La Quinta, CA, USA',33.646692,-116.310008);
INSERT INTO city(city, lat, lon) VALUES('La Verne, CA, USA',34.100842,-117.767836);
INSERT INTO city(city, lat, lon) VALUES('Lafayette, CA, USA',37.885758,-122.118019);
INSERT INTO city(city, lat, lon) VALUES('Laguna Beach, CA, USA',33.542247,-117.783111);
INSERT INTO city(city, lat, lon) VALUES('Laguna Hills, CA, USA',33.599722,-117.699444);
INSERT INTO city(city, lat, lon) VALUES('Laguna Niguel, CA, USA',33.522525,-117.707553);
INSERT INTO city(city, lat, lon) VALUES('Laguna Woods, CA, USA',33.6103,-117.725331);
INSERT INTO city(city, lat, lon) VALUES('Lake Elsinore, CA, USA',33.668078,-117.327261);
INSERT INTO city(city, lat, lon) VALUES('Lake Forest, CA, USA',33.646967,-117.689217);
INSERT INTO city(city, lat, lon) VALUES('Lakeport, CA, USA',39.04295,-122.915828);
INSERT INTO city(city, lat, lon) VALUES('Lakewood, CA, USA',33.853628,-118.133956);
INSERT INTO city(city, lat, lon) VALUES('Lancaster, CA, USA',34.686786,-118.154164);
INSERT INTO city(city, lat, lon) VALUES('Larkspur, CA, USA',37.934092,-122.535253);
INSERT INTO city(city, lat, lon) VALUES('Lathrop, CA, USA',37.822706,-121.276611);
INSERT INTO city(city, lat, lon) VALUES('Lawndale, CA, USA',33.887236,-118.352575);
INSERT INTO city(city, lat, lon) VALUES('Lemon Grove, CA, USA',32.742553,-117.031417);
INSERT INTO city(city, lat, lon) VALUES('Lemoore, CA, USA',36.300783,-119.782911);
INSERT INTO city(city, lat, lon) VALUES('Lincoln, CA, USA',38.891564,-121.293008);
INSERT INTO city(city, lat, lon) VALUES('Lindsay, CA, USA',36.203006,-119.088161);
INSERT INTO city(city, lat, lon) VALUES('Live Oak, CA, USA',36.983561,-121.980517);
INSERT INTO city(city, lat, lon) VALUES('Livermore, CA, USA',37.681875,-121.768008);
INSERT INTO city(city, lat, lon) VALUES('Livingston, CA, USA',37.386883,-120.723533);
INSERT INTO city(city, lat, lon) VALUES('Lodi, CA, USA',38.134147,-121.272219);
INSERT INTO city(city, lat, lon) VALUES('Loma Linda, CA, USA',34.048347,-117.261153);
INSERT INTO city(city, lat, lon) VALUES('Lomita, CA, USA',33.792239,-118.315072);
INSERT INTO city(city, lat, lon) VALUES('Lompoc, CA, USA',34.63915,-120.457942);
INSERT INTO city(city, lat, lon) VALUES('Long Beach, CA, USA',33.768322,-118.195617);
INSERT INTO city(city, lat, lon) VALUES('Los Alamitos, CA, USA',33.803072,-118.072564);
INSERT INTO city(city, lat, lon) VALUES('Los Altos, CA, USA',33.796331,-118.118119);
INSERT INTO city(city, lat, lon) VALUES('Los Angeles, CA, USA',34.052233,-118.243686);
INSERT INTO city(city, lat, lon) VALUES('Los Banos, CA, USA',37.058278,-120.849914);
INSERT INTO city(city, lat, lon) VALUES('Loyalton, CA, USA',39.676294,-120.241039);
INSERT INTO city(city, lat, lon) VALUES('Lynwood, CA, USA',33.930292,-118.211461);
INSERT INTO city(city, lat, lon) VALUES('Madera, CA, USA',36.961336,-120.060717);
INSERT INTO city(city, lat, lon) VALUES('Malibu, CA, USA',34.005008,-118.810172);
INSERT INTO city(city, lat, lon) VALUES('Manhattan Beach, CA, USA',33.884736,-118.410908);
INSERT INTO city(city, lat, lon) VALUES('Manteca, CA, USA',37.797428,-121.216053);
INSERT INTO city(city, lat, lon) VALUES('Maricopa, CA, USA',35.058858,-119.40095);
INSERT INTO city(city, lat, lon) VALUES('Marina, CA, USA',36.684403,-121.802172);
INSERT INTO city(city, lat, lon) VALUES('Martinez, CA, USA',38.019367,-122.134133);
INSERT INTO city(city, lat, lon) VALUES('Marysville, CA, USA',39.145725,-121.591356);
INSERT INTO city(city, lat, lon) VALUES('Maywood, CA, USA',33.986681,-118.18535);
INSERT INTO city(city, lat, lon) VALUES('McFarland, CA, USA',35.678011,-119.229275);
INSERT INTO city(city, lat, lon) VALUES('Mendota, CA, USA',36.753561,-120.381558);
INSERT INTO city(city, lat, lon) VALUES('Menifee, CA, USA',33.678333,-117.166944);
INSERT INTO city(city, lat, lon) VALUES('Menlo Park, CA, USA',37.453828,-122.182186);
INSERT INTO city(city, lat, lon) VALUES('Merced, CA, USA',37.302164,-120.482967);
INSERT INTO city(city, lat, lon) VALUES('Mill Valley, CA, USA',37.906036,-122.544975);
INSERT INTO city(city, lat, lon) VALUES('Millbrae, CA, USA',37.598547,-122.387194);
INSERT INTO city(city, lat, lon) VALUES('Milpitas, CA, USA',37.428272,-121.906625);
INSERT INTO city(city, lat, lon) VALUES('Mission Viejo, CA, USA',33.600022,-117.671994);
INSERT INTO city(city, lat, lon) VALUES('Modesto, CA, USA',37.639097,-120.996878);
INSERT INTO city(city, lat, lon) VALUES('Monrovia, CA, USA',34.144428,-118.001947);
INSERT INTO city(city, lat, lon) VALUES('Montague, CA, USA',41.728197,-122.5278);
INSERT INTO city(city, lat, lon) VALUES('Montclair, CA, USA',34.077511,-117.689778);
INSERT INTO city(city, lat, lon) VALUES('Monte Sereno, CA, USA',37.236333,-121.992458);
INSERT INTO city(city, lat, lon) VALUES('Montebello, CA, USA',34.016506,-118.113753);
INSERT INTO city(city, lat, lon) VALUES('Monterey, CA, USA',36.600239,-121.894675);
INSERT INTO city(city, lat, lon) VALUES('Monterey Park, CA, USA',34.062511,-118.122847);
INSERT INTO city(city, lat, lon) VALUES('Moorpark, CA, USA',34.144897,-118.268742);
INSERT INTO city(city, lat, lon) VALUES('Moreno Valley, CA, USA',33.942467,-117.229672);
INSERT INTO city(city, lat, lon) VALUES('Morgan Hill, CA, USA',37.1305,-121.654389);
INSERT INTO city(city, lat, lon) VALUES('Morro Bay, CA, USA',35.365808,-120.8499);
INSERT INTO city(city, lat, lon) VALUES('Mount Shasta, CA, USA',41.410806,-122.194575);
INSERT INTO city(city, lat, lon) VALUES('Mountain View, CA, USA',37.386053,-122.08385);
INSERT INTO city(city, lat, lon) VALUES('Murrieta, CA, USA',33.553914,-117.213922);
INSERT INTO city(city, lat, lon) VALUES('Napa, CA, USA',38.297539,-122.286864);
INSERT INTO city(city, lat, lon) VALUES('National City, CA, USA',32.678108,-117.099197);
INSERT INTO city(city, lat, lon) VALUES('Needles, CA, USA',34.848061,-114.614133);
INSERT INTO city(city, lat, lon) VALUES('Nevada City, CA, USA',39.261561,-121.016058);
INSERT INTO city(city, lat, lon) VALUES('Newark, CA, USA',37.529658,-122.040239);
INSERT INTO city(city, lat, lon) VALUES('Newman, CA, USA',37.313828,-121.020761);
INSERT INTO city(city, lat, lon) VALUES('Newport Beach, CA, USA',33.618911,-117.928947);
INSERT INTO city(city, lat, lon) VALUES('Norco, CA, USA',33.931125,-117.548661);
INSERT INTO city(city, lat, lon) VALUES('Norwalk, CA, USA',33.902236,-118.081733);
INSERT INTO city(city, lat, lon) VALUES('Novato, CA, USA',38.107419,-122.569703);
INSERT INTO city(city, lat, lon) VALUES('Oakdale, CA, USA',37.766594,-120.847153);
INSERT INTO city(city, lat, lon) VALUES('Oakland, CA, USA',37.804364,-122.271114);
INSERT INTO city(city, lat, lon) VALUES('Oakley, CA, USA',37.997422,-121.712453);
INSERT INTO city(city, lat, lon) VALUES('Oceanside, CA, USA',33.195869,-117.379483);
INSERT INTO city(city, lat, lon) VALUES('Ojai, CA, USA',34.44805,-119.242889);
INSERT INTO city(city, lat, lon) VALUES('Ontario, CA, USA',34.063344,-117.650889);
INSERT INTO city(city, lat, lon) VALUES('Orange, CA, USA',33.787794,-117.853111);
INSERT INTO city(city, lat, lon) VALUES('Orange Cove, CA, USA',36.624394,-119.313731);
INSERT INTO city(city, lat, lon) VALUES('Orinda, CA, USA',37.877147,-122.179689);
INSERT INTO city(city, lat, lon) VALUES('Orland, CA, USA',39.747381,-122.196375);
INSERT INTO city(city, lat, lon) VALUES('Oroville, CA, USA',39.513775,-121.556358);
INSERT INTO city(city, lat, lon) VALUES('Oxnard, CA, USA',34.197506,-119.177053);
INSERT INTO city(city, lat, lon) VALUES('Pacific Grove, CA, USA',36.617736,-121.916622);
INSERT INTO city(city, lat, lon) VALUES('Pacifica, CA, USA',37.613825,-122.486919);
INSERT INTO city(city, lat, lon) VALUES('Palm Desert, CA, USA',33.722244,-116.374456);
INSERT INTO city(city, lat, lon) VALUES('Palm Springs, CA, USA',33.830297,-116.545292);
INSERT INTO city(city, lat, lon) VALUES('Palmdale, CA, USA',34.579433,-118.116461);
INSERT INTO city(city, lat, lon) VALUES('Palo Alto, CA, USA',37.441883,-122.143019);
INSERT INTO city(city, lat, lon) VALUES('Palos Verdes Estates, CA, USA',33.800572,-118.390075);
INSERT INTO city(city, lat, lon) VALUES('Paramount, CA, USA',33.889461,-118.159792);
INSERT INTO city(city, lat, lon) VALUES('Parlier, CA, USA',36.611617,-119.527072);
INSERT INTO city(city, lat, lon) VALUES('Pasadena, CA, USA',34.147786,-118.144517);
INSERT INTO city(city, lat, lon) VALUES('Paso Robles, CA, USA',35.632278,-120.664186);
INSERT INTO city(city, lat, lon) VALUES('Patterson, CA, USA',37.4716,-121.129656);
INSERT INTO city(city, lat, lon) VALUES('Perris, CA, USA',33.782519,-117.228647);
INSERT INTO city(city, lat, lon) VALUES('Petaluma, CA, USA',38.232417,-122.636653);
INSERT INTO city(city, lat, lon) VALUES('Pico Rivera, CA, USA',33.983069,-118.096736);
INSERT INTO city(city, lat, lon) VALUES('Piedmont, CA, USA',37.824372,-122.231636);
INSERT INTO city(city, lat, lon) VALUES('Pinole, CA, USA',38.004367,-122.298858);
INSERT INTO city(city, lat, lon) VALUES('Pismo Beach, CA, USA',35.142753,-120.641283);
INSERT INTO city(city, lat, lon) VALUES('Pittsburg, CA, USA',38.027975,-121.884681);
INSERT INTO city(city, lat, lon) VALUES('Placentia, CA, USA',33.872236,-117.870336);
INSERT INTO city(city, lat, lon) VALUES('Placerville, CA, USA',38.729625,-120.798547);
INSERT INTO city(city, lat, lon) VALUES('Pleasant Hill, CA, USA',37.947978,-122.060797);
INSERT INTO city(city, lat, lon) VALUES('Pleasanton, CA, USA',37.662431,-121.874678);
INSERT INTO city(city, lat, lon) VALUES('Plymouth, CA, USA',38.481853,-120.844658);
INSERT INTO city(city, lat, lon) VALUES('Point Arena, CA, USA',38.908797,-123.693072);
INSERT INTO city(city, lat, lon) VALUES('Pomona, CA, USA',34.055228,-117.752306);
INSERT INTO city(city, lat, lon) VALUES('Port Hueneme, CA, USA',34.180728,-119.208158);
INSERT INTO city(city, lat, lon) VALUES('Porterville, CA, USA',36.065231,-119.016767);
INSERT INTO city(city, lat, lon) VALUES('Portola, CA, USA',39.810458,-120.469103);
INSERT INTO city(city, lat, lon) VALUES('Poway, CA, USA',32.962822,-117.035864);
INSERT INTO city(city, lat, lon) VALUES('Rancho Cordova, CA, USA',38.589072,-121.302728);
INSERT INTO city(city, lat, lon) VALUES('Rancho Cucamonga, CA, USA',34.1064,-117.593108);
INSERT INTO city(city, lat, lon) VALUES('Rancho Mirage, CA, USA',33.739744,-116.412789);
INSERT INTO city(city, lat, lon) VALUES('Rancho Palos Verdes, CA, USA',33.744461,-118.387017);
INSERT INTO city(city, lat, lon) VALUES('Rancho Santa Margarita, CA, USA',33.640856,-117.603103);
INSERT INTO city(city, lat, lon) VALUES('Red Bluff, CA, USA',40.178489,-122.235831);
INSERT INTO city(city, lat, lon) VALUES('Redding, CA, USA',40.586539,-122.391675);
INSERT INTO city(city, lat, lon) VALUES('Redlands, CA, USA',34.055569,-117.182539);
INSERT INTO city(city, lat, lon) VALUES('Redondo Beach, CA, USA',33.849183,-118.388408);
INSERT INTO city(city, lat, lon) VALUES('Redwood City, CA, USA',37.485214,-122.236356);
INSERT INTO city(city, lat, lon) VALUES('Reedley, CA, USA',36.596339,-119.450403);
INSERT INTO city(city, lat, lon) VALUES('Rialto, CA, USA',34.1064,-117.370325);
INSERT INTO city(city, lat, lon) VALUES('Richmond, CA, USA',37.935758,-122.34775);
INSERT INTO city(city, lat, lon) VALUES('Ridgecrest, CA, USA',35.622456,-117.670897);
INSERT INTO city(city, lat, lon) VALUES('Rio Dell, CA, USA',40.4993,-124.106436);
INSERT INTO city(city, lat, lon) VALUES('Rio Vista, CA, USA',38.15575,-121.691344);
INSERT INTO city(city, lat, lon) VALUES('Ripon, CA, USA',37.739453,-121.135414);
INSERT INTO city(city, lat, lon) VALUES('Riverbank, CA, USA',37.736039,-120.935489);
INSERT INTO city(city, lat, lon) VALUES('Riverside, CA, USA',33.95335,-117.396156);
INSERT INTO city(city, lat, lon) VALUES('Rocklin, CA, USA',38.790733,-121.235783);
INSERT INTO city(city, lat, lon) VALUES('Rohnert Park, CA, USA',38.339636,-122.701097);
INSERT INTO city(city, lat, lon) VALUES('Rolling Hills, CA, USA',33.756961,-118.353961);
INSERT INTO city(city, lat, lon) VALUES('Rolling Hills Estates, CA, USA',33.787794,-118.358128);
INSERT INTO city(city, lat, lon) VALUES('Rosemead, CA, USA',34.080564,-118.072847);
INSERT INTO city(city, lat, lon) VALUES('Roseville, CA, USA',38.752122,-121.288006);
INSERT INTO city(city, lat, lon) VALUES('Sacramento, CA, USA',38.581572,-121.4944);
INSERT INTO city(city, lat, lon) VALUES('Salinas, CA, USA',36.677736,-121.6555);
INSERT INTO city(city, lat, lon) VALUES('San Bernardino, CA, USA',34.108344,-117.289764);
INSERT INTO city(city, lat, lon) VALUES('San Bruno, CA, USA',37.630489,-122.411083);
INSERT INTO city(city, lat, lon) VALUES('San Carlos, CA, USA',37.507158,-122.260522);
INSERT INTO city(city, lat, lon) VALUES('San Clemente, CA, USA',33.426972,-117.611992);
INSERT INTO city(city, lat, lon) VALUES('San Diego, CA, USA',32.715328,-117.157256);
INSERT INTO city(city, lat, lon) VALUES('San Dimas, CA, USA',34.106675,-117.806725);
INSERT INTO city(city, lat, lon) VALUES('San Fernando, CA, USA',34.281947,-118.438972);
INSERT INTO city(city, lat, lon) VALUES('San Francisco, CA, USA',37.774931,-122.419417);
INSERT INTO city(city, lat, lon) VALUES('San Gabriel, CA, USA',34.096111,-118.105833);
INSERT INTO city(city, lat, lon) VALUES('San Jacinto, CA, USA',33.783908,-116.958636);
INSERT INTO city(city, lat, lon) VALUES('San Joaquin, CA, USA',36.606617,-120.189044);
INSERT INTO city(city, lat, lon) VALUES('San Jose, CA, USA',37.339386,-121.894956);
INSERT INTO city(city, lat, lon) VALUES('San Juan Bautista, CA, USA',36.845511,-121.537997);
INSERT INTO city(city, lat, lon) VALUES('San Juan Capistrano, CA, USA',33.501692,-117.66255);
INSERT INTO city(city, lat, lon) VALUES('San Leandro, CA, USA',37.724931,-122.156078);
INSERT INTO city(city, lat, lon) VALUES('San Luis Obispo, CA, USA',35.282753,-120.659617);
INSERT INTO city(city, lat, lon) VALUES('San Marcos, CA, USA',33.143372,-117.166144);
INSERT INTO city(city, lat, lon) VALUES('San Marino, CA, USA',34.121397,-118.106458);
INSERT INTO city(city, lat, lon) VALUES('San Mateo, CA, USA',37.562992,-122.325525);
INSERT INTO city(city, lat, lon) VALUES('San Pablo, CA, USA',37.962147,-122.345525);
INSERT INTO city(city, lat, lon) VALUES('San Rafael, CA, USA',37.973536,-122.531086);
INSERT INTO city(city, lat, lon) VALUES('San Ramon, CA, USA',37.779928,-121.978014);
INSERT INTO city(city, lat, lon) VALUES('Sand City, CA, USA',36.617183,-121.848286);
INSERT INTO city(city, lat, lon) VALUES('Sanger, CA, USA',36.708006,-119.555964);
INSERT INTO city(city, lat, lon) VALUES('Santa Ana, CA, USA',33.745572,-117.867833);
INSERT INTO city(city, lat, lon) VALUES('Santa Barbara, CA, USA',34.420831,-119.698189);
INSERT INTO city(city, lat, lon) VALUES('Santa Clara, CA, USA',37.354108,-121.955236);
INSERT INTO city(city, lat, lon) VALUES('Santa Clarita, CA, USA',34.391664,-118.542586);
INSERT INTO city(city, lat, lon) VALUES('Santa Cruz, CA, USA',36.974117,-122.030797);
INSERT INTO city(city, lat, lon) VALUES('Santa Fe Springs, CA, USA',33.947236,-118.085344);
INSERT INTO city(city, lat, lon) VALUES('Santa Maria, CA, USA',34.953033,-120.435719);
INSERT INTO city(city, lat, lon) VALUES('Santa Monica, CA, USA',34.019453,-118.491192);
INSERT INTO city(city, lat, lon) VALUES('Santa Paula, CA, USA',34.354167,-119.059269);
INSERT INTO city(city, lat, lon) VALUES('Santa Rosa, CA, USA',38.440467,-122.714431);
INSERT INTO city(city, lat, lon) VALUES('Santee, CA, USA',32.838383,-116.973917);
INSERT INTO city(city, lat, lon) VALUES('Saratoga, CA, USA',37.263833,-122.023014);
INSERT INTO city(city, lat, lon) VALUES('Sausalito, CA, USA',37.859094,-122.48525);
INSERT INTO city(city, lat, lon) VALUES('Scotts Valley, CA, USA',37.051061,-122.014683);
INSERT INTO city(city, lat, lon) VALUES('Seal Beach, CA, USA',33.741406,-118.104786);
INSERT INTO city(city, lat, lon) VALUES('Seaside, CA, USA',33.819361,-118.366647);
INSERT INTO city(city, lat, lon) VALUES('Sebastopol, CA, USA',38.402136,-122.823881);
INSERT INTO city(city, lat, lon) VALUES('Selma, CA, USA',36.570783,-119.612075);
INSERT INTO city(city, lat, lon) VALUES('Shafter, CA, USA',35.500514,-119.271775);
INSERT INTO city(city, lat, lon) VALUES('Shasta Lake, CA, USA',40.680428,-122.370842);
INSERT INTO city(city, lat, lon) VALUES('Sierra Madre, CA, USA',34.161672,-118.052847);
INSERT INTO city(city, lat, lon) VALUES('Signal Hill, CA, USA',33.804461,-118.167847);
INSERT INTO city(city, lat, lon) VALUES('Simi Valley, CA, USA',34.269447,-118.781483);
INSERT INTO city(city, lat, lon) VALUES('Solana Beach, CA, USA',32.991156,-117.271147);
INSERT INTO city(city, lat, lon) VALUES('Soledad, CA, USA',32.991156,-117.271147);
INSERT INTO city(city, lat, lon) VALUES('Solvang, CA, USA',34.595819,-120.137647);
INSERT INTO city(city, lat, lon) VALUES('Sonoma, CA, USA',38.291858,-122.458036);
INSERT INTO city(city, lat, lon) VALUES('Sonora, CA, USA',37.984092,-120.382139);
INSERT INTO city(city, lat, lon) VALUES('South El Monte, CA, USA',34.051956,-118.046733);
INSERT INTO city(city, lat, lon) VALUES('South Gate, CA, USA',33.954736,-118.212017);
INSERT INTO city(city, lat, lon) VALUES('South Lake Tahoe, CA, USA',38.939925,-119.977186);
INSERT INTO city(city, lat, lon) VALUES('South Pasadena, CA, USA',34.116119,-118.15035);
INSERT INTO city(city, lat, lon) VALUES('South San Francisco, CA, USA',37.654656,-122.40775);
INSERT INTO city(city, lat, lon) VALUES('St. Helena, CA, USA',38.505242,-122.470386);
INSERT INTO city(city, lat, lon) VALUES('Stanton, CA, USA',33.802517,-117.993117);
INSERT INTO city(city, lat, lon) VALUES('Stockton, CA, USA',37.957703,-121.290781);
INSERT INTO city(city, lat, lon) VALUES('Suisun City, CA, USA',38.238247,-122.040244);
INSERT INTO city(city, lat, lon) VALUES('Sunnyvale, CA, USA',37.368831,-122.03635);
INSERT INTO city(city, lat, lon) VALUES('Susanville, CA, USA',40.416283,-120.653006);
INSERT INTO city(city, lat, lon) VALUES('Sutter Creek, CA, USA',38.392967,-120.802436);
INSERT INTO city(city, lat, lon) VALUES('Taft, CA, USA',35.142467,-119.456508);
INSERT INTO city(city, lat, lon) VALUES('Tehachapi, CA, USA',35.132189,-118.448975);
INSERT INTO city(city, lat, lon) VALUES('Tehama, CA, USA',40.027103,-122.123322);
INSERT INTO city(city, lat, lon) VALUES('Temecula, CA, USA',33.493639,-117.148364);
INSERT INTO city(city, lat, lon) VALUES('Temple City, CA, USA',34.107231,-118.057847);
INSERT INTO city(city, lat, lon) VALUES('Thousand Oaks, CA, USA',34.107231,-118.057847);
INSERT INTO city(city, lat, lon) VALUES('Torrance, CA, USA',33.83585,-118.340628);
INSERT INTO city(city, lat, lon) VALUES('Tracy, CA, USA',37.73965,-121.425222);
INSERT INTO city(city, lat, lon) VALUES('Trinidad, CA, USA',41.059292,-124.143125);
INSERT INTO city(city, lat, lon) VALUES('Tulare, CA, USA',36.207728,-119.347339);
INSERT INTO city(city, lat, lon) VALUES('Tulelake, CA, USA',41.955989,-121.477492);
INSERT INTO city(city, lat, lon) VALUES('Turlock, CA, USA',37.494658,-120.846594);
INSERT INTO city(city, lat, lon) VALUES('Tustin, CA, USA',33.74585,-117.826167);
INSERT INTO city(city, lat, lon) VALUES('Twentynine Palms, CA, USA',34.135558,-116.054169);
INSERT INTO city(city, lat, lon) VALUES('Ukiah, CA, USA',39.150172,-123.207783);
INSERT INTO city(city, lat, lon) VALUES('Union City, CA, USA',37.593392,-122.043831);
INSERT INTO city(city, lat, lon) VALUES('Upland, CA, USA',34.097511,-117.648389);
INSERT INTO city(city, lat, lon) VALUES('Vacaville, CA, USA',38.356578,-121.987744);
INSERT INTO city(city, lat, lon) VALUES('Vallejo, CA, USA',38.104086,-122.256636);
INSERT INTO city(city, lat, lon) VALUES('Ventura, CA, USA',34.274639,-119.229006);
INSERT INTO city(city, lat, lon) VALUES('Vernon, CA, USA',34.003903,-118.230072);
INSERT INTO city(city, lat, lon) VALUES('Victorville, CA, USA',34.536108,-117.291158);
INSERT INTO city(city, lat, lon) VALUES('Villa Park, CA, USA',33.814461,-117.813111);
INSERT INTO city(city, lat, lon) VALUES('Visalia, CA, USA',36.330228,-119.292058);
INSERT INTO city(city, lat, lon) VALUES('Vista, CA, USA',33.200036,-117.242536);
INSERT INTO city(city, lat, lon) VALUES('Walnut, CA, USA',34.020289,-117.865339);
INSERT INTO city(city, lat, lon) VALUES('Walnut Creek, CA, USA',37.910078,-122.065183);
INSERT INTO city(city, lat, lon) VALUES('Wasco, CA, USA',35.594125,-119.340947);
INSERT INTO city(city, lat, lon) VALUES('Waterford, CA, USA',37.641319,-120.760483);
INSERT INTO city(city, lat, lon) VALUES('Watsonville, CA, USA',36.910231,-121.756894);
INSERT INTO city(city, lat, lon) VALUES('Weed, CA, USA',41.42265,-122.386128);
INSERT INTO city(city, lat, lon) VALUES('West Covina, CA, USA',34.068622,-117.938953);
INSERT INTO city(city, lat, lon) VALUES('West Hollywood, CA, USA',34.090008,-118.361744);
INSERT INTO city(city, lat, lon) VALUES('West Sacramento, CA, USA',38.580461,-121.530233);
INSERT INTO city(city, lat, lon) VALUES('Westlake Village, CA, USA',34.145839,-118.805647);
INSERT INTO city(city, lat, lon) VALUES('Westminster, CA, USA',33.751342,-117.993992);
INSERT INTO city(city, lat, lon) VALUES('Westmorland, CA, USA',33.037267,-115.621383);
INSERT INTO city(city, lat, lon) VALUES('Wheatland, CA, USA',39.009894,-121.423014);
INSERT INTO city(city, lat, lon) VALUES('Whittier, CA, USA',33.979178,-118.032844);
INSERT INTO city(city, lat, lon) VALUES('Wildomar, CA, USA',33.598914,-117.280036);
INSERT INTO city(city, lat, lon) VALUES('Williams, CA, USA',39.154614,-122.149419);
INSERT INTO city(city, lat, lon) VALUES('Willits, CA, USA',39.409608,-123.355567);
INSERT INTO city(city, lat, lon) VALUES('Willows, CA, USA',39.524325,-122.193592);
INSERT INTO city(city, lat, lon) VALUES('Winters, CA, USA',38.524906,-121.970803);
INSERT INTO city(city, lat, lon) VALUES('Woodlake, CA, USA',36.413561,-119.098717);
INSERT INTO city(city, lat, lon) VALUES('Woodland, CA, USA',38.678517,-121.773297);
INSERT INTO city(city, lat, lon) VALUES('Yorba Linda, CA, USA',33.888625,-117.813111);
INSERT INTO city(city, lat, lon) VALUES('Yreka, CA, USA',41.735419,-122.634472);
INSERT INTO city(city, lat, lon) VALUES('Yuba City, CA, USA',39.140447,-121.616911);
INSERT INTO city(city, lat, lon) VALUES('Yucaipa, CA, USA',34.033625,-117.043086);

COMMIT;

-- -----------------------------------------------------
-- Data for table `carpooldb`.`language`
-- -----------------------------------------------------
START TRANSACTION;
USE `carpooldb`;
INSERT INTO `carpooldb`.`language` (`id`, `lang`) VALUES (1, 'English');
INSERT INTO `carpooldb`.`language` (`id`, `lang`) VALUES (2, 'Spanish');
INSERT INTO `carpooldb`.`language` (`id`, `lang`) VALUES (3, 'Indian');
INSERT INTO `carpooldb`.`language` (`id`, `lang`) VALUES (4, 'Chinese');
INSERT INTO `carpooldb`.`language` (`id`, `lang`) VALUES (5, 'Turkish');

COMMIT;


-- -----------------------------------------------------
-- Data for table `carpooldb`.`color`
-- -----------------------------------------------------
START TRANSACTION;
USE `carpooldb`;
INSERT INTO `carpooldb`.`color` (`id`, `color`) VALUES (1, 'White');
INSERT INTO `carpooldb`.`color` (`id`, `color`) VALUES (2, 'Red');
INSERT INTO `carpooldb`.`color` (`id`, `color`) VALUES (3, 'Grey');
INSERT INTO `carpooldb`.`color` (`id`, `color`) VALUES (4, 'Silver');
INSERT INTO `carpooldb`.`color` (`id`, `color`) VALUES (5, 'Yellow');
INSERT INTO `carpooldb`.`color` (`id`, `color`) VALUES (6, 'Black');
INSERT INTO `carpooldb`.`color` (`id`, `color`) VALUES (7, 'Green');
INSERT INTO `carpooldb`.`color` (`id`, `color`) VALUES (8, 'Blue');
INSERT INTO `carpooldb`.`color` (`id`, `color`) VALUES (9, 'Brown');
INSERT INTO `carpooldb`.`color` (`id`, `color`) VALUES (10, 'Dark Blue');

COMMIT;


-- -----------------------------------------------------
-- Data for table `carpooldb`.`vehicle_make`
-- -----------------------------------------------------
START TRANSACTION;
USE `carpooldb`;
INSERT INTO `carpooldb`.`vehicle_make` (`id`, `make`) VALUES (1, 'Acura');
INSERT INTO `carpooldb`.`vehicle_make` (`id`, `make`) VALUES (2, 'Alfa Romeo');
INSERT INTO `carpooldb`.`vehicle_make` (`id`, `make`) VALUES (3, 'Audi');
INSERT INTO `carpooldb`.`vehicle_make` (`id`, `make`) VALUES (4, 'BMW');
INSERT INTO `carpooldb`.`vehicle_make` (`id`, `make`) VALUES (5, 'Chevrolet');
INSERT INTO `carpooldb`.`vehicle_make` (`id`, `make`) VALUES (6, 'Dodge');
INSERT INTO `carpooldb`.`vehicle_make` (`id`, `make`) VALUES (7, 'Ferrari');
INSERT INTO `carpooldb`.`vehicle_make` (`id`, `make`) VALUES (8, 'Fiat');
INSERT INTO `carpooldb`.`vehicle_make` (`id`, `make`) VALUES (9, 'Ford');
INSERT INTO `carpooldb`.`vehicle_make` (`id`, `make`) VALUES (10, 'Jaguar');
INSERT INTO `carpooldb`.`vehicle_make` (`id`, `make`) VALUES (11, 'Lexus');
INSERT INTO `carpooldb`.`vehicle_make` (`id`, `make`) VALUES (12, 'Mazda');
INSERT INTO `carpooldb`.`vehicle_make` (`id`, `make`) VALUES (13, 'Mercedes');
INSERT INTO `carpooldb`.`vehicle_make` (`id`, `make`) VALUES (14, 'Nissan');
INSERT INTO `carpooldb`.`vehicle_make` (`id`, `make`) VALUES (15, 'Porsche');
INSERT INTO `carpooldb`.`vehicle_make` (`id`, `make`) VALUES (16, 'Smart');
INSERT INTO `carpooldb`.`vehicle_make` (`id`, `make`) VALUES (17, 'Subaru');
INSERT INTO `carpooldb`.`vehicle_make` (`id`, `make`) VALUES (18, 'Toyota');
INSERT INTO `carpooldb`.`vehicle_make` (`id`, `make`) VALUES (19, 'Volkswagen');
INSERT INTO `carpooldb`.`vehicle_make` (`id`, `make`) VALUES (20, 'Infinity');
INSERT INTO `carpooldb`.`vehicle_make` (`id`, `make`) VALUES (21, 'Cadillac');
INSERT INTO `carpooldb`.`vehicle_make` (`id`, `make`) VALUES (22, 'Honda');
INSERT INTO `carpooldb`.`vehicle_make` (`id`, `make`) VALUES (23, 'Hyundai');
INSERT INTO `carpooldb`.`vehicle_make` (`id`, `make`) VALUES (24, 'Jaguar');
INSERT INTO `carpooldb`.`vehicle_make` (`id`, `make`) VALUES (25, 'Buick');
INSERT INTO `carpooldb`.`vehicle_make` (`id`, `make`) VALUES (26, 'Mitsubishi');
INSERT INTO `carpooldb`.`vehicle_make` (`id`, `make`) VALUES (27, 'Volvo');
INSERT INTO `carpooldb`.`vehicle_make` (`id`, `make`) VALUES (28, 'Bentley');
INSERT INTO `carpooldb`.`vehicle_make` (`id`, `make`) VALUES (29, 'Chrysler');
INSERT INTO `carpooldb`.`vehicle_make` (`id`, `make`) VALUES (30, 'Kia');
INSERT INTO `carpooldb`.`vehicle_make` (`id`, `make`) VALUES (31, 'Mini Cooper');
INSERT INTO `carpooldb`.`vehicle_make` (`id`, `make`) VALUES (32, 'Lincoln');
INSERT INTO `carpooldb`.`vehicle_make` (`id`, `make`) VALUES (33, 'Maserati');
INSERT INTO `carpooldb`.`vehicle_make` (`id`, `make`) VALUES (34, 'Tesla');
INSERT INTO `carpooldb`.`vehicle_make` (`id`, `make`) VALUES (35, 'Genesis');
INSERT INTO `carpooldb`.`vehicle_make` (`id`, `make`) VALUES (36, 'Rolls-Royce');
INSERT INTO `carpooldb`.`vehicle_make` (`id`, `make`) VALUES (37, 'GMC');
INSERT INTO `carpooldb`.`vehicle_make` (`id`, `make`) VALUES (38, 'Jeep');
INSERT INTO `carpooldb`.`vehicle_make` (`id`, `make`) VALUES (39, 'Land Rover');
INSERT INTO `carpooldb`.`vehicle_make` (`id`, `make`) VALUES (40, 'RAM');

COMMIT;


-- -----------------------------------------------------
-- Data for table `carpooldb`.`vehicle_model`
-- -----------------------------------------------------
START TRANSACTION;
USE `carpooldb`;
INSERT INTO `carpooldb`.`vehicle_model` (`id`, `make_id`, `model`, `description`, `mpg`) VALUES (1, 1, 'NSX Hybrid', 'Acura NSX Hybrid', 21);
INSERT INTO `carpooldb`.`vehicle_model` (`id`, `make_id`, `model`, `description`, `mpg`) VALUES (2, 1, 'ILX', 'Acura ILX', 29);
INSERT INTO `carpooldb`.`vehicle_model` (`id`, `make_id`, `model`, `description`, `mpg`) VALUES (3, 1, 'TLX AWD', 'Acura TLX AWD', 29);
INSERT INTO `carpooldb`.`vehicle_model` (`id`, `make_id`, `model`, `description`, `mpg`) VALUES (4, 1, 'TLX FWD', 'Acura TLX FWD', 28);
INSERT INTO `carpooldb`.`vehicle_model` (`id`, `make_id`, `model`, `description`, `mpg`) VALUES (5, 1, 'RLX', 'Acura RLX', 23);
INSERT INTO `carpooldb`.`vehicle_model` (`id`, `make_id`, `model`, `description`, `mpg`) VALUES (6, 1, 'RLX Hybrid', 'Acura RLX Hybrid', 29);
INSERT INTO `carpooldb`.`vehicle_model` (`id`, `make_id`, `model`, `description`, `mpg`) VALUES (7, 1, 'MDX AWD', 'Acura MDX AWD', 22);
INSERT INTO `carpooldb`.`vehicle_model` (`id`, `make_id`, `model`, `description`, `mpg`) VALUES (8, 1, 'MDX Hybrid AWD', 'Acura MDX Hybrid AWD', 27);
INSERT INTO `carpooldb`.`vehicle_model` (`id`, `make_id`, `model`, `description`, `mpg`) VALUES (9, 1, 'RDX AWD', 'Acura RDX AWD', 22);
INSERT INTO `carpooldb`.`vehicle_model` (`id`, `make_id`, `model`, `description`, `mpg`) VALUES (10, 2, '4C', 'Alfa Romeo 4C', 28);
INSERT INTO `carpooldb`.`vehicle_model` (`id`, `make_id`, `model`, `description`, `mpg`) VALUES (11, 2, 'Giulia', 'Alfa Romeo Giulia', 27);
INSERT INTO `carpooldb`.`vehicle_model` (`id`, `make_id`, `model`, `description`, `mpg`) VALUES (12, 2, 'Guilia AWD', 'Alfa Romeo Giulia AWD', 26);
INSERT INTO `carpooldb`.`vehicle_model` (`id`, `make_id`, `model`, `description`, `mpg`) VALUES (13, 3, 'R8', 'Audi R8', 17);
INSERT INTO `carpooldb`.`vehicle_model` (`id`, `make_id`, `model`, `description`, `mpg`) VALUES (14, 3, 'A3', 'Audi A3', 29);
INSERT INTO `carpooldb`.`vehicle_model` (`id`, `make_id`, `model`, `description`, `mpg`) VALUES (15, 3, 'A3 quattro', 'Audi A3 quattro', 27);
INSERT INTO `carpooldb`.`vehicle_model` (`id`, `make_id`, `model`, `description`, `mpg`) VALUES (16, 3, 'A5 quattro', 'Audi A5 quattro', 25);
INSERT INTO `carpooldb`.`vehicle_model` (`id`, `make_id`, `model`, `description`, `mpg`) VALUES (17, 3, 'S3', 'Audi S3', 24);
INSERT INTO `carpooldb`.`vehicle_model` (`id`, `make_id`, `model`, `description`, `mpg`) VALUES (18, 3, 'S5', 'Audi S5', 21);
INSERT INTO `carpooldb`.`vehicle_model` (`id`, `make_id`, `model`, `description`, `mpg`) VALUES (19, 3, 'A4', 'Audi A4', 28);
INSERT INTO `carpooldb`.`vehicle_model` (`id`, `make_id`, `model`, `description`, `mpg`) VALUES (20, 3, 'A4 quattro', 'Audi A4 quattro', 27);
INSERT INTO `carpooldb`.`vehicle_model` (`id`, `make_id`, `model`, `description`, `mpg`) VALUES (21, 3, 'Q3', 'Audi Q3', 23);
INSERT INTO `carpooldb`.`vehicle_model` (`id`, `make_id`, `model`, `description`, `mpg`) VALUES (22, 3, 'Q3 quattro', 'Audi Q3 quattro', 23);
INSERT INTO `carpooldb`.`vehicle_model` (`id`, `make_id`, `model`, `description`, `mpg`) VALUES (23, 3, 'A6', 'Audi A6', 28);
INSERT INTO `carpooldb`.`vehicle_model` (`id`, `make_id`, `model`, `description`, `mpg`) VALUES (24, 3, 'A6 quattro', 'Audi A6 quattro', 25);
INSERT INTO `carpooldb`.`vehicle_model` (`id`, `make_id`, `model`, `description`, `mpg`) VALUES (25, 3, 'A7 quattro', 'Audi A7 quattro', 24);
INSERT INTO `carpooldb`.`vehicle_model` (`id`, `make_id`, `model`, `description`, `mpg`) VALUES (26, 3, 'RS 7', 'Audi RS 7', 18);
INSERT INTO `carpooldb`.`vehicle_model` (`id`, `make_id`, `model`, `description`, `mpg`) VALUES (27, 3, 'S6', 'Audi S6', 21);
INSERT INTO `carpooldb`.`vehicle_model` (`id`, `make_id`, `model`, `description`, `mpg`) VALUES (28, 3, 'S7', 'Audi S7', 21);
INSERT INTO `carpooldb`.`vehicle_model` (`id`, `make_id`, `model`, `description`, `mpg`) VALUES (29, 3, 'S8', 'Audi S8', 18);
INSERT INTO `carpooldb`.`vehicle_model` (`id`, `make_id`, `model`, `description`, `mpg`) VALUES (30, 3, 'Q5', 'Audi Q5', 22);
INSERT INTO `carpooldb`.`vehicle_model` (`id`, `make_id`, `model`, `description`, `mpg`) VALUES (31, 3, 'Q7', 'Audi Q7', 22);
INSERT INTO `carpooldb`.`vehicle_model` (`id`, `make_id`, `model`, `description`, `mpg`) VALUES (32, 4, '320i', 'BMW 320i', 28);
INSERT INTO `carpooldb`.`vehicle_model` (`id`, `make_id`, `model`, `description`, `mpg`) VALUES (33, 4, '320i xDrive', 'BMW 320i xDrive', 27);
INSERT INTO `carpooldb`.`vehicle_model` (`id`, `make_id`, `model`, `description`, `mpg`) VALUES (34, 4, '328d', 'BMW 328d', 36);
INSERT INTO `carpooldb`.`vehicle_model` (`id`, `make_id`, `model`, `description`, `mpg`) VALUES (35, 4, '530i', 'BMW 530i', 27);
INSERT INTO `carpooldb`.`vehicle_model` (`id`, `make_id`, `model`, `description`, `mpg`) VALUES (36, 4, '530i xDrive', 'BMW 530 xDrive', 27);
INSERT INTO `carpooldb`.`vehicle_model` (`id`, `make_id`, `model`, `description`, `mpg`) VALUES (37, 4, '540i', 'BMW 540i', 24);
INSERT INTO `carpooldb`.`vehicle_model` (`id`, `make_id`, `model`, `description`, `mpg`) VALUES (38, 4, '540i xDrive', 'BMW 540i xDrive', 23);
INSERT INTO `carpooldb`.`vehicle_model` (`id`, `make_id`, `model`, `description`, `mpg`) VALUES (39, 4, 'X3 xDrive28i', 'BMW X3 xDrive28i', 24);
INSERT INTO `carpooldb`.`vehicle_model` (`id`, `make_id`, `model`, `description`, `mpg`) VALUES (40, 4, 'X3 xDrive 35i', 'BMW X3 xDrive 35i', 21);
INSERT INTO `carpooldb`.`vehicle_model` (`id`, `make_id`, `model`, `description`, `mpg`) VALUES (41, 4, 'X5 sDrive35i', 'BMW X5 sDrive35i', 21);
INSERT INTO `carpooldb`.`vehicle_model` (`id`, `make_id`, `model`, `description`, `mpg`) VALUES (42, 4, 'X6 sDrive35i', 'BMW X6 sDrive35i', 21);

COMMIT;


-- -----------------------------------------------------
-- Data for table `carpooldb`.`carpool_user`
-- -----------------------------------------------------
START TRANSACTION;
USE `carpooldb`;
INSERT INTO `carpooldb`.`carpool_user` (`id`, `name`, `email`, `password`, `phone`) VALUES (1, 'Fatih Kabakci', 'fatihkabakci@windowslive.com', '12345678', '4157282151');
INSERT INTO `carpooldb`.`carpool_user` (`id`, `name`, `email`, `password`, `phone`) VALUES (2, 'John Nash', 'johnnash@gmail.com', '12345678', '4157771919');
INSERT INTO `carpooldb`.`carpool_user` (`id`, `name`, `email`, `password`, `phone`) VALUES (3, 'Michael Rollins', 'michaelrollins@hotmail.com', '12345678', '4151234545');
INSERT INTO `carpooldb`.`carpool_user` (`id`, `name`, `email`, `password`, `phone`) VALUES (4, 'George Hernandez', 'georgeherhandez@gmail.com', '12345678', '5109900101');
INSERT INTO `carpooldb`.`carpool_user` (`id`, `name`, `email`, `password`, `phone`) VALUES (5, 'Nurik Hamidov', 'nurik23@gmail.com', '12345678', '5102221010');
INSERT INTO `carpooldb`.`carpool_user` (`id`, `name`, `email`, `password`, `phone`) VALUES (6, 'Sebastian Perez', 'sebo@hotmail.com', '12345678', '4153222929');
INSERT INTO `carpooldb`.`carpool_user` (`id`, `name`, `email`, `password`, `phone`) VALUES (7, 'Ahmed Banafa', 'ahmedbanafa@mail.com', '12345678', '5107891112');
INSERT INTO `carpooldb`.`carpool_user` (`id`, `name`, `email`, `password`, `phone`) VALUES (8, 'Paulina Gerez', 'paulina@gmail.com', '12345678', '4086578282');
INSERT INTO `carpooldb`.`carpool_user` (`id`, `name`, `email`, `password`, `phone`) VALUES (9, 'Amelia Nelson', 'amelia@gmail.com', '12345678', '4081012323');
INSERT INTO `carpooldb`.`carpool_user` (`id`, `name`, `email`, `password`, `phone`) VALUES (10, 'Hugo Almedia', 'hugoalmedia@mail.com', '12345678', '4019013131');
INSERT INTO `carpooldb`.`carpool_user` (`id`, `name`, `email`, `password`, `phone`) VALUES (11, 'Andrea Hutchinson', 'andrea@gmail.com', '12345678', '1014042020');
INSERT INTO `carpooldb`.`carpool_user` (`id`, `name`, `email`, `password`, `phone`) VALUES (12, 'Peter Rainer', 'prainer@hotmail.com', '12345678', '4019091010');
INSERT INTO `carpooldb`.`carpool_user` (`id`, `name`, `email`, `password`, `phone`) VALUES (13, 'Ahmed Singh', 'ahmedsingh@mail.com', '12345678', '4042023010');
INSERT INTO `carpooldb`.`carpool_user` (`id`, `name`, `email`, `password`, `phone`) VALUES (14, 'Chen Chi', 'chenchi@gmail.com', '12345678', '5019094030');
INSERT INTO `carpooldb`.`carpool_user` (`id`, `name`, `email`, `password`, `phone`) VALUES (15, 'Lei hang', 'leihang@gmail.com', '12345678', '4151018090');
INSERT INTO `carpooldb`.`carpool_user` (`id`, `name`, `email`, `password`, `phone`) VALUES (16, 'Andre Smith', 'andresmith@hotmail.com', '12345678', '5052021314');
INSERT INTO `carpooldb`.`carpool_user` (`id`, `name`, `email`, `password`, `phone`) VALUES (17, 'Hanson Temper', 'hansontemper@hotmail.com', '12345678', '4159096030');
INSERT INTO `carpooldb`.`carpool_user` (`id`, `name`, `email`, `password`, `phone`) VALUES (18, 'Teresa Mayer', 'teresamayer@gmail.com', '12345678', '4042403155');
INSERT INTO `carpooldb`.`carpool_user` (`id`, `name`, `email`, `password`, `phone`) VALUES (19, 'Carmel Sandra', 'carmelsandra@gmail.com', '12345678', '2023035050');
INSERT INTO `carpooldb`.`carpool_user` (`id`, `name`, `email`, `password`, `phone`) VALUES (20, 'Lary Gerl', 'larygerl@hotmail.com', '12345678', '5052003010');
INSERT INTO `carpooldb`.`carpool_user` (`id`, `name`, `email`, `password`, `phone`) VALUES (21, 'Karl Johson', 'karljohson@windowslive.com', '12345678', '4157282151');
INSERT INTO `carpooldb`.`carpool_user` (`id`, `name`, `email`, `password`, `phone`) VALUES (22, 'Andre Nesta', 'andrenesta@gmail.com', '12345678', '4157771919');
INSERT INTO `carpooldb`.`carpool_user` (`id`, `name`, `email`, `password`, `phone`) VALUES (23, 'Terry Hansen', 'terryhansen@hotmail.com', '12345678', '4151234545');
INSERT INTO `carpooldb`.`carpool_user` (`id`, `name`, `email`, `password`, `phone`) VALUES (24, 'Mary Merrick', 'marymerrick@gmail.com', '12345678', '5109900101');
INSERT INTO `carpooldb`.`carpool_user` (`id`, `name`, `email`, `password`, `phone`) VALUES (25, 'Carl Gugu', 'carlgugu@gmail.com', '12345678', '5102221010');
INSERT INTO `carpooldb`.`carpool_user` (`id`, `name`, `email`, `password`, `phone`) VALUES (26, 'Paul Johson', 'pauljohson@hotmail.com', '12345678', '4153222929');
INSERT INTO `carpooldb`.`carpool_user` (`id`, `name`, `email`, `password`, `phone`) VALUES (27, 'Scott Compton', 'scottcompton@mail.com', '12345678', '5107891112');
INSERT INTO `carpooldb`.`carpool_user` (`id`, `name`, `email`, `password`, `phone`) VALUES (28, 'Sirish patesh', 'sirishpatesh@gmail.com', '12345678', '4086578282');
INSERT INTO `carpooldb`.`carpool_user` (`id`, `name`, `email`, `password`, `phone`) VALUES (29, 'Ryan Berson', 'ryanberson@gmail.com', '12345678', '4081012323');
INSERT INTO `carpooldb`.`carpool_user` (`id`, `name`, `email`, `password`, `phone`) VALUES (30, 'Helen Rarka', 'helenrarka@mail.com', '12345678', '4019013131');
INSERT INTO `carpooldb`.`carpool_user` (`id`, `name`, `email`, `password`, `phone`) VALUES (31, 'Andrea Hutchinson', 'andrea@gmail.com', '12345678', '1014042020');
INSERT INTO `carpooldb`.`carpool_user` (`id`, `name`, `email`, `password`, `phone`) VALUES (32, 'Peter Rainer', 'prainer@hotmail.com', '12345678', '4019091010');
INSERT INTO `carpooldb`.`carpool_user` (`id`, `name`, `email`, `password`, `phone`) VALUES (33, 'Ahmed Singh', 'ahmedsingh@mail.com', '12345678', '4042023010');
INSERT INTO `carpooldb`.`carpool_user` (`id`, `name`, `email`, `password`, `phone`) VALUES (34, 'Chen Chi', 'chenchi@gmail.com', '12345678', '5019094030');
INSERT INTO `carpooldb`.`carpool_user` (`id`, `name`, `email`, `password`, `phone`) VALUES (35, 'Lei hang', 'leihang@gmail.com', '12345678', '4151018090');
INSERT INTO `carpooldb`.`carpool_user` (`id`, `name`, `email`, `password`, `phone`) VALUES (36, 'Andre Smith', 'andresmith@hotmail.com', '12345678', '5052021314');
INSERT INTO `carpooldb`.`carpool_user` (`id`, `name`, `email`, `password`, `phone`) VALUES (37, 'Hanson Temper', 'hansontemper@hotmail.com', '12345678', '4159096030');
INSERT INTO `carpooldb`.`carpool_user` (`id`, `name`, `email`, `password`, `phone`) VALUES (38, 'Teresa Mayer', 'teresamayer@gmail.com', '12345678', '4042403155');
INSERT INTO `carpooldb`.`carpool_user` (`id`, `name`, `email`, `password`, `phone`) VALUES (39, 'Carmel Sandra', 'carmelsandra@gmail.com', '12345678', '2023035050');
INSERT INTO `carpooldb`.`carpool_user` (`id`, `name`, `email`, `password`, `phone`) VALUES (40, 'Lary Gerl', 'larygerl@hotmail.com', '12345678', '5052003010');

COMMIT;


-- -----------------------------------------------------
-- Data for table `carpooldb`.`gender`
-- -----------------------------------------------------
START TRANSACTION;
USE `carpooldb`;
INSERT INTO `carpooldb`.`gender` (`id`, `gender`) VALUES (1, 'Male');
INSERT INTO `carpooldb`.`gender` (`id`, `gender`) VALUES (2, 'Female');

COMMIT;


-- -----------------------------------------------------
-- Data for table `carpooldb`.`driver`
-- -----------------------------------------------------
START TRANSACTION;
USE `carpooldb`;
INSERT INTO `carpooldb`.`driver` (`id`, `user_id`, `driver_license`, `firstname`, `lastname`, `address`, `city_id`, `zipcode`, `photo`, `date_of_birth`, `review`, `gender_id`) VALUES (1, 1, 'Y123456', 'Fatih', 'Kabakci', '1870 Sacramento St.', 1, '94109', 'images/drivers/1_driver.jpg', '1990-09-19', 5.0, 1);
INSERT INTO `carpooldb`.`driver` (`id`, `user_id`, `driver_license`, `firstname`, `lastname`, `address`, `city_id`, `zipcode`, `photo`, `date_of_birth`, `review`, `gender_id`) VALUES (2, 2, 'Y123456', 'John', 'Nash', '1054 Mission St.', 1, '94103', 'images/drivers/2_driver.jpg', '1990-03-12', 5.0, 1);
INSERT INTO `carpooldb`.`driver` (`id`, `user_id`, `driver_license`, `firstname`, `lastname`, `address`, `city_id`, `zipcode`, `photo`, `date_of_birth`, `review`, `gender_id`) VALUES (3, 3, 'Y123456', 'Michael', 'Rollins', '1412 Vanness Ave.', 1, '94106', 'images/drivers/3_driver.jpg', '1988-06-23', 5.0, 1);
INSERT INTO `carpooldb`.`driver` (`id`, `user_id`, `driver_license`, `firstname`, `lastname`, `address`, `city_id`, `zipcode`, `photo`, `date_of_birth`, `review`, `gender_id`) VALUES (4, 4, 'Y123456', 'George', 'Herhandez', '5th & Howard St.', 1, '94102', 'images/drivers/4_driver.jpg', '1976-02-14', 5.0, 1);
INSERT INTO `carpooldb`.`driver` (`id`, `user_id`, `driver_license`, `firstname`, `lastname`, `address`, `city_id`, `zipcode`, `photo`, `date_of_birth`, `review`, `gender_id`) VALUES (5, 5, 'Y123456', 'Nurik', 'Hamidov', '99 Golden Gate Ave.', 1, '94103', 'images/drivers/5_driver.jpg', '1992-12-15', 5.0, 1);
INSERT INTO `carpooldb`.`driver` (`id`, `user_id`, `driver_license`, `firstname`, `lastname`, `address`, `city_id`, `zipcode`, `photo`, `date_of_birth`, `review`, `gender_id`) VALUES (6, 6, 'Y123456', 'Sebastian', 'Perez', '6th St.', 1, '94102', 'images/drivers/6_driver.jpg', '1987-06-22', 5.0, 1);
INSERT INTO `carpooldb`.`driver` (`id`, `user_id`, `driver_license`, `firstname`, `lastname`, `address`, `city_id`, `zipcode`, `photo`, `date_of_birth`, `review`, `gender_id`) VALUES (7, 7, 'Y123456', 'Ahmed', 'Banafa', '1870 Sacramento St.', 1, '94109', 'images/drivers/7_driver.jpg', '1982-08-24', 5.0, 1);
INSERT INTO `carpooldb`.`driver` (`id`, `user_id`, `driver_license`, `firstname`, `lastname`, `address`, `city_id`, `zipcode`, `photo`, `date_of_birth`, `review`, `gender_id`) VALUES (8, 8, 'Y123456', 'Paulina', 'Gerez', '1400 Mission St.', 1, '94103', 'images/drivers/8_driver.jpg', '1964-01-11', 5.0, 2);
INSERT INTO `carpooldb`.`driver` (`id`, `user_id`, `driver_license`, `firstname`, `lastname`, `address`, `city_id`, `zipcode`, `photo`, `date_of_birth`, `review`, `gender_id`) VALUES (9, 9, 'Y123456', 'Amelia', 'Nelson', '2300 Stockton St.', 1, '94105', 'images/drivers/9_driver.jpg', '1963-02-21', 5.0, 2);
INSERT INTO `carpooldb`.`driver` (`id`, `user_id`, `driver_license`, `firstname`, `lastname`, `address`, `city_id`, `zipcode`, `photo`, `date_of_birth`, `review`, `gender_id`) VALUES (10, 10, 'Y123456', 'Hugo', 'Almeida', '844 Brannan St.', 1, '94102', 'images/drivers/10_driver.jpg', '1971-04-12', 5.0, 1);

COMMIT;


-- -----------------------------------------------------
-- Data for table `carpooldb`.`vehicle`
-- -----------------------------------------------------
START TRANSACTION;
USE `carpooldb`;
INSERT INTO `carpooldb`.`vehicle` (`id`, `driver_id`, `VIN`, `license_plate`, `model_id`, `color_id`, `year`, `photo`, `max_seats`, `babysit`) VALUES (1, 1, '1A2B3C4D5E6F7G8HJ', 'A123BTY6', 3, 1, '2011', 'images/vehicles/1_vehicle.jpg', 4, 1);
INSERT INTO `carpooldb`.`vehicle` (`id`, `driver_id`, `VIN`, `license_plate`, `model_id`, `color_id`, `year`, `photo`, `max_seats`, `babysit`) VALUES (2, 2, '1A2B3C4D5E6F7G8HJ', 'R256BRZ7', 9, 2, '2016', 'images/vehicles/2_vehicle.jpg', 4, 1);
INSERT INTO `carpooldb`.`vehicle` (`id`, `driver_id`, `VIN`, `license_plate`, `model_id`, `color_id`, `year`, `photo`, `max_seats`, `babysit`) VALUES (3, 3, '1A2B3C4D5E6F7G8HJ', 'T256BR10', 10, 3, '2006', 'images/vehicles/3_vehicle.jpg', 4, 2);
INSERT INTO `carpooldb`.`vehicle` (`id`, `driver_id`, `VIN`, `license_plate`, `model_id`, `color_id`, `year`, `photo`, `max_seats`, `babysit`) VALUES (4, 4, '1A2B3C4D5E6F7G8HJ', 'T41YTR21', 4, 4, '2018', 'images/vehicles/4_vehicle.jpg', 4, 2);
INSERT INTO `carpooldb`.`vehicle` (`id`, `driver_id`, `VIN`, `license_plate`, `model_id`, `color_id`, `year`, `photo`, `max_seats`, `babysit`) VALUES (5, 5, '1A2B3C4D5E6F7G8HJ', 'E313UIK4', 14, 5, '2004', 'images/vehicles/5_vehicle.jpg', 4, 2);
INSERT INTO `carpooldb`.`vehicle` (`id`, `driver_id`, `VIN`, `license_plate`, `model_id`, `color_id`, `year`, `photo`, `max_seats`, `babysit`) VALUES (6, 6, '1A2B3C4D5E6F7G8HJ', 'D189UTR4', 23, 6, '2003', 'images/vehicles/6_vehicle.jpg', 4, 2);
INSERT INTO `carpooldb`.`vehicle` (`id`, `driver_id`, `VIN`, `license_plate`, `model_id`, `color_id`, `year`, `photo`, `max_seats`, `babysit`) VALUES (7, 7, '1A2B3C4D5E6F7G8HJ', 'F244ESR1', 34, 7, '2002', 'images/vehicles/7_vehicle.jpg', 4, 2);
INSERT INTO `carpooldb`.`vehicle` (`id`, `driver_id`, `VIN`, `license_plate`, `model_id`, `color_id`, `year`, `photo`, `max_seats`, `babysit`) VALUES (8, 8, '1A2B3C4D5E6F7G8HJ', 'ER890S44', 35, 7, '2011', 'images/vehicles/8_vehicle.jpg', 4, 2);
INSERT INTO `carpooldb`.`vehicle` (`id`, `driver_id`, `VIN`, `license_plate`, `model_id`, `color_id`, `year`, `photo`, `max_seats`, `babysit`) VALUES (9, 9, '1A2B3C4D5E6F7G8HJ', 'GH890S22', 42, 4, '2012', 'images/vehicles/9_vehicle.jpg', 4, 2);
INSERT INTO `carpooldb`.`vehicle` (`id`, `driver_id`, `VIN`, `license_plate`, `model_id`, `color_id`, `year`, `photo`, `max_seats`, `babysit`) VALUES (10, 10, '1A2B3C4D5E6F7G8HJ', 'TRE1234B', 10, 2, '2013', 'images/vehicles/10_vehicle.jpg', 4, 2);

COMMIT;


-- -----------------------------------------------------
-- Data for table `carpooldb`.`rider`
-- -----------------------------------------------------
START TRANSACTION;
USE `carpooldb`;
INSERT INTO `carpooldb`.`rider` (`id`, `user_id`, `firstname`, `lastname`, `address`, `city_id`, `zipcode`, `photo`, `date_of_birth`, `gender_id`) VALUES (1, 20, 'Lary', 'Gerl', '1122 Laguna Ave.', 1, '94109', 'images/riders/20_rider.jpg', '1990-09-19', 1);
INSERT INTO `carpooldb`.`rider` (`id`, `user_id`, `firstname`, `lastname`, `address`, `city_id`, `zipcode`, `photo`, `date_of_birth`, `gender_id`) VALUES (2, 21, 'Karl', 'Johson', '1064 Mission St.', 1, '94103', 'images/riders/21_rider.jpg', '1980-03-12', 1);
INSERT INTO `carpooldb`.`rider` (`id`, `user_id`, `firstname`, `lastname`, `address`, `city_id`, `zipcode`, `photo`, `date_of_birth`, `gender_id`) VALUES (3, 22, 'Andre', 'Nesta', '1400 Mission St.', 1, '94103', 'images/riders/22_rider.jpg', '1992-10-10', 1);
INSERT INTO `carpooldb`.`rider` (`id`, `user_id`, `firstname`, `lastname`, `address`, `city_id`, `zipcode`, `photo`, `date_of_birth`, `gender_id`) VALUES (4, 23, 'Terry', 'Hansen', '4th & Brannan St.', 1, '94102', 'images/riders/23_rider.jpg', '1997-01-13', 1);
INSERT INTO `carpooldb`.`rider` (`id`, `user_id`, `firstname`, `lastname`, `address`, `city_id`, `zipcode`, `photo`, `date_of_birth`, `gender_id`) VALUES (5, 24, 'Mary', 'Merrick', '1001 Vanness Ave.', 1, '94105', 'images/riders/24_rider.jpg', '1990-11-14', 2);
INSERT INTO `carpooldb`.`rider` (`id`, `user_id`, `firstname`, `lastname`, `address`, `city_id`, `zipcode`, `photo`, `date_of_birth`, `gender_id`) VALUES (6, 25, 'Carl', 'Gugu', '9th & Howard St.', 1, '94103', 'images/riders/25_rider.jpg', '1993-03-23', 1);
INSERT INTO `carpooldb`.`rider` (`id`, `user_id`, `firstname`, `lastname`, `address`, `city_id`, `zipcode`, `photo`, `date_of_birth`, `gender_id`) VALUES (7, 26, 'Paul', 'Johson', '99 Golden Gate Ave.', 1, '94103', 'images/riders/26_rider.jpg', '1988-04-12', 1);
INSERT INTO `carpooldb`.`rider` (`id`, `user_id`, `firstname`, `lastname`, `address`, `city_id`, `zipcode`, `photo`, `date_of_birth`, `gender_id`) VALUES (8, 27, 'Scott', 'Compton', '1412 Vanness Ave.', 1, '94103', 'images/riders/27_rider.jpg', '1977-05-23', 1);
INSERT INTO `carpooldb`.`rider` (`id`, `user_id`, `firstname`, `lastname`, `address`, `city_id`, `zipcode`, `photo`, `date_of_birth`, `gender_id`) VALUES (9, 28, 'Sirish', 'Patesh', '2300 Stockton St.', 1, '94104', 'images/riders/28_rider.jpg', '1958-01-25', 1);
INSERT INTO `carpooldb`.`rider` (`id`, `user_id`, `firstname`, `lastname`, `address`, `city_id`, `zipcode`, `photo`, `date_of_birth`, `gender_id`) VALUES (10, 29, 'Ryan', 'Berson', '1045 Mission St.', 1, '94103', 'images/riders/29_rider.jpg', '1965-12-08', 1);
INSERT INTO `carpooldb`.`rider` (`id`, `user_id`, `firstname`, `lastname`, `address`, `city_id`, `zipcode`, `photo`, `date_of_birth`, `gender_id`) VALUES (11, 30, 'Helen', 'Rarka', '1064 Mission St.', 1, '94103', 'images/riders/30_rider.jpg', '1963-07-08', 2);

COMMIT;


-- -----------------------------------------------------
-- Data for table `carpooldb`.`driver_language`
-- -----------------------------------------------------
START TRANSACTION;
USE `carpooldb`;
INSERT INTO `carpooldb`.`driver_language` (`id`, `driver_id`, `language_id`) VALUES (1, 1, 1);
INSERT INTO `carpooldb`.`driver_language` (`id`, `driver_id`, `language_id`) VALUES (2, 1, 2);
INSERT INTO `carpooldb`.`driver_language` (`id`, `driver_id`, `language_id`) VALUES (3, 2, 1);
INSERT INTO `carpooldb`.`driver_language` (`id`, `driver_id`, `language_id`) VALUES (4, 3, 1);
INSERT INTO `carpooldb`.`driver_language` (`id`, `driver_id`, `language_id`) VALUES (5, 3, 1);
INSERT INTO `carpooldb`.`driver_language` (`id`, `driver_id`, `language_id`) VALUES (6, 3, 2);
INSERT INTO `carpooldb`.`driver_language` (`id`, `driver_id`, `language_id`) VALUES (7, 3, 3);
INSERT INTO `carpooldb`.`driver_language` (`id`, `driver_id`, `language_id`) VALUES (8, 4, 1);
INSERT INTO `carpooldb`.`driver_language` (`id`, `driver_id`, `language_id`) VALUES (9, 4, 4);
INSERT INTO `carpooldb`.`driver_language` (`id`, `driver_id`, `language_id`) VALUES (10, 5, 1);
INSERT INTO `carpooldb`.`driver_language` (`id`, `driver_id`, `language_id`) VALUES (11, 5, 2);
INSERT INTO `carpooldb`.`driver_language` (`id`, `driver_id`, `language_id`) VALUES (12, 5, 3);
INSERT INTO `carpooldb`.`driver_language` (`id`, `driver_id`, `language_id`) VALUES (13, 6, 1);
INSERT INTO `carpooldb`.`driver_language` (`id`, `driver_id`, `language_id`) VALUES (14, 7, 1);
INSERT INTO `carpooldb`.`driver_language` (`id`, `driver_id`, `language_id`) VALUES (15, 8, 1);
INSERT INTO `carpooldb`.`driver_language` (`id`, `driver_id`, `language_id`) VALUES (16, 9, 1);
INSERT INTO `carpooldb`.`driver_language` (`id`, `driver_id`, `language_id`) VALUES (17, 9, 2);
INSERT INTO `carpooldb`.`driver_language` (`id`, `driver_id`, `language_id`) VALUES (18, 10, 1);

COMMIT;


-- -----------------------------------------------------
-- Data for table `carpooldb`.`user_bank`
-- -----------------------------------------------------
START TRANSACTION;
USE `carpooldb`;
INSERT INTO `carpooldb`.`user_bank` (`id`, `user_id`, `card_number`, `name`, `expiration`, `cvc`) VALUES (1, 1, '1234567890123456', 'Fatih Kabakci', '2020', '533');
INSERT INTO `carpooldb`.`user_bank` (`id`, `user_id`, `card_number`, `name`, `expiration`, `cvc`) VALUES (2, 2, '1234567890123456', 'John Nash', '1515', '433');
INSERT INTO `carpooldb`.`user_bank` (`id`, `user_id`, `card_number`, `name`, `expiration`, `cvc`) VALUES (3, 3, '1234567890123456', 'Michael Rollins', '0812', '411');
INSERT INTO `carpooldb`.`user_bank` (`id`, `user_id`, `card_number`, `name`, `expiration`, `cvc`) VALUES (4, 4, '1234567890123456', 'George Hernandez', '0220', '388');

COMMIT;

